{"type":"FeatureCollection","features":[{"type":"Feature","properties":{},"geometry":{"type":"Polygon","coordinates":[[[-76.313303,36.55051999999969],[-76.347034,36.55056399999968],[-76.40828,36.550619999999704],[-76.472418,36.550645999999674],[-76.541966,36.55065299999969],[-76.577507,36.55070699999973],[-76.642641,36.55078599999973],[-76.648922,36.5507579999997],[-76.695639,36.550737999999676],[-76.715322,36.5507979999997],[-76.722157,36.550763999999724],[-76.735028,36.55079799999971],[-76.748954,36.55074799999969],[-76.817097,36.55108599999972],[-76.856306,36.55150999999969],[-76.898275,36.55194999999969],[-76.915899,36.5521489999997],[-76.917098,36.55085699999971],[-76.916637,36.54929799999971],[-76.917215,36.54667099999972],[-76.916634,36.544596999999705],[-76.915977,36.54388399999972],[-76.931356,36.54389899999972],[-77.003935,36.54421199999972],[-77.007182,36.544253999999704],[-77.043867,36.5443899999997],[-77.080038,36.5445249999997],[-77.10154400000002,36.5446229999997],[-77.124687,36.544035999999714],[-77.15292,36.54412999999973],[-77.164377,36.5463289999997],[-77.170545,36.5472799999997],[-77.190062,36.54640999999972],[-77.206536,36.54436699999973],[-77.260684,36.544738999999694],[-77.312698,36.544901999999695],[-77.351772,36.544893999999694],[-77.37469,36.54475599999968],[-77.412421,36.54479699999969],[-77.432115,36.5447979999997],[-77.48557600000001,36.544941999999715],[-77.49965900000001,36.545111999999705],[-77.513568,36.54520799999968],[-77.549655,36.545170999999705],[-77.576679,36.54518599999972],[-77.59106300000002,36.54513199999972],[-77.596317,36.5451979999997],[-77.623867,36.545194999999694],[-77.656007,36.545282999999706],[-77.672672,36.54530699999972],[-77.68583,36.545378999999706],[-77.749853,36.545451999999706],[-77.767777,36.54536899999972],[-77.802195,36.54511099999969],[-77.837363,36.54496099999971],[-77.874345,36.54473199999972],[-77.875245,36.54456399999969],[-77.882046,36.54449499999969],[-77.883833,36.54468099999971],[-77.899773,36.54459599999972],[-77.90521,36.5446589999997],[-77.931672,36.54458899999972],[-77.938091,36.544677999999685],[-77.942779,36.54459199999969],[-77.959685,36.5445039999997],[-77.99972,36.544386999999716],[-78.035644,36.54365899999969],[-78.045375,36.54354899999972],[-78.060845,36.54359199999968],[-78.074124,36.5435869999997],[-78.108923,36.54369599999969],[-78.124727,36.543886999999714],[-78.148738,36.54403299999971],[-78.158517,36.54425199999971],[-78.223047,36.54434899999969],[-78.249717,36.54448499999971],[-78.260508,36.54435899999968],[-78.291919,36.544084999999676],[-78.323991,36.5438219999997],[-78.369099,36.543408999999684],[-78.383689,36.54320399999972],[-78.416293,36.542924999999705],[-78.456913,36.54254099999972],[-78.464735,36.5424509999997],[-78.498329,36.541496999999715],[-78.510897,36.5410489999997],[-78.554551,36.54113399999971],[-78.623027,36.54132699999971],[-78.649644,36.54182399999971],[-78.671847,36.54216499999971],[-78.696481,36.5420569999997],[-78.716453,36.54202899999971],[-78.739748,36.541920999999704],[-78.769796,36.5417389999997],[-78.793012,36.54182099999972],[-78.796274,36.54174099999971],[-78.81859,36.541933999999706],[-78.848175,36.542045999999694],[-78.874386,36.54201099999968],[-78.914783,36.542090999999694],[-78.933537,36.54218999999971],[-78.97887800000001,36.5421719999997],[-79.014125,36.54210399999971],[-79.076278,36.54204199999971],[-79.124735,36.54165899999972],[-79.13832,36.541974999999724],[-79.146773,36.5418629999997],[-79.16156,36.541887999999695],[-79.18363,36.541835999999705],[-79.20693000000001,36.54173999999968],[-79.221887,36.54161899999972],[-79.250705,36.541139999999714],[-79.277052,36.5414739999997],[-79.285589,36.541456999999724],[-79.322358,36.54150299999971],[-79.334145,36.54157399999972],[-79.347268,36.54159799999971],[-79.362911,36.54128499999969],[-79.40079,36.5415809999997],[-79.429889,36.54153299999973],[-79.446048,36.54138199999969],[-79.458079,36.5409809999997],[-79.513638,36.54090199999968],[-79.543387,36.54085599999973],[-79.577819,36.5411739999997],[-79.604719,36.541552999999695],[-79.620136,36.54158399999972],[-79.659286,36.541729999999724],[-79.66692,36.5417879999997],[-79.693785,36.54187199999969],[-79.725108,36.54200499999971],[-79.74296,36.54210599999972],[-79.816603,36.54240799999972],[-79.834029,36.54249599999971],[-79.89942200000002,36.54268999999971],[-79.916665,36.54269499999969],[-79.935787,36.54265899999971],[-79.975433,36.5424829999997],[-79.999783,36.54239999999971],[-80.027339,36.542479999999664],[-80.053887,36.54251899999971],[-80.122173,36.54264999999971],[-80.136305,36.54276499999969],[-80.169814,36.54316399999971],[-80.172967,36.54318199999972],[-80.235535,36.54386299999971],[-80.244024,36.54393999999971],[-80.261097,36.54399399999971],[-80.281927,36.5440079999997],[-80.29478,36.544052999999685],[-80.311239,36.5447389999997],[-80.317961,36.54508199999971],[-80.363973,36.547173999999686],[-80.371641,36.54755399999972],[-80.44034,36.550664999999704],[-80.499442,36.553386999999695],[-80.563381,36.556360999999704],[-80.612057,36.5578979999997],[-80.624372,36.55829999999971],[-80.64702,36.55892599999971],[-80.658476,36.55946799999971],[-80.6962,36.56194599999969],[-80.705036,36.56228599999969],[-80.729953,36.562348999999706],[-80.743787,36.56170099999971],[-80.773598,36.56037399999972],[-80.792864,36.560575999999706],[-80.799826,36.56109899999969],[-80.823163,36.5598529999997],[-80.837544,36.559167999999694],[-80.838916,36.55919299999971],[-80.875091,36.56064299999969],[-80.898453,36.56170599999971],[-80.901641,36.56176599999969],[-80.915141,36.56208299999973],[-80.931725,36.5624189999997],[-80.932938,36.56296399999971],[-80.946549,36.5631339999997],[-80.950316,36.5633519999997],[-80.959827,36.563576999999725],[-80.979682,36.5634339999997],[-80.998698,36.56363699999968],[-81.003808,36.5636559999997],[-81.011096,36.564418999999695],[-81.014339,36.56466299999972],[-81.028872,36.565270999999704],[-81.045158,36.56653499999971],[-81.053884,36.5668689999997],[-81.062326,36.56709799999969],[-81.088426,36.56730899999972],[-81.097519,36.56777699999971],[-81.108082,36.568433999999684],[-81.120144,36.56908899999971],[-81.137799,36.5693449999997],[-81.148544,36.569823999999684],[-81.17068,36.5708959999997],[-81.176933,36.57188499999969],[-81.225671,36.572634999999714],[-81.235401,36.57272599999969],[-81.249012,36.57320899999969],[-81.261406,36.5738859999997],[-81.295812,36.57461699999971],[-81.307437,36.574960999999696],[-81.32435800000002,36.57491799999972],[-81.35325900000001,36.5746919999997],[-81.362142,36.57448899999971],[-81.374229,36.57474099999969],[-81.386097,36.57493799999967],[-81.401956,36.575560999999695],[-81.443047,36.576831999999726],[-81.44457,36.57700499999968],[-81.45775900000001,36.57796499999972],[-81.46390300000002,36.57820499999973],[-81.48951600000001,36.57906199999972],[-81.49563,36.579301999999664],[-81.506668,36.58000899999973],[-81.521458,36.580592999999716],[-81.600455,36.58694799999969],[-81.618557,36.58727899999971],[-81.647847,36.587702999999706],[-81.66042700000001,36.5878539999997],[-81.67749,36.588136999999705],[-81.68001100000001,36.58581799999971],[-81.678386,36.5821019999997],[-81.677109,36.580909999999704],[-81.679186,36.57877299999973],[-81.678771,36.57729999999968],[-81.677306,36.574348999999685],[-81.677613,36.57323299999971],[-81.677013,36.57236499999971],[-81.677306,36.57049599999967],[-81.680072,36.56867199999971],[-81.684371,36.56848599999973],[-81.686258,36.567979999999714],[-81.690128,36.5687219999997],[-81.691416,36.567550999999725],[-81.691878,36.56594099999971],[-81.691067,36.564879999999704],[-81.691183,36.563621999999704],[-81.689548,36.56144099999968],[-81.690535,36.55857199999973],[-81.690303,36.557395999999734],[-81.690937,36.555994999999726],[-81.690998,36.554394999999715],[-81.690207,36.551877999999675],[-81.690575,36.5514229999997],[-81.692224,36.551410999999696],[-81.693429,36.550866999999705],[-81.694069,36.549196999999694],[-81.69379,36.547976999999726],[-81.695165,36.54687699999972],[-81.69731,36.5447009999997],[-81.69902600000002,36.54186499999969],[-81.699999,36.539710999999706],[-81.699795,36.53672699999969],[-81.701027,36.53645199999969],[-81.704657,36.536577999999714],[-81.707878,36.536005999999695],[-81.708442,36.5322029999997],[-81.708141,36.53057599999971],[-81.70731,36.52822999999972],[-81.707493,36.526322999999685],[-81.708098,36.52411399999969],[-81.703304,36.52147699999974],[-81.701539,36.51804299999969],[-81.70154600000001,36.5164539999997],[-81.700299,36.5148769999997],[-81.70034,36.51344799999969],[-81.699496,36.512480999999724],[-81.69908,36.5106899999997],[-81.698344,36.509716999999675],[-81.69794900000001,36.5075569999997],[-81.698405,36.5065239999997],[-81.697132,36.50603499999968],[-81.69707,36.50442999999969],[-81.697901,36.50381499999971],[-81.69758,36.501951999999726],[-81.699527,36.5007979999997],[-81.700206,36.499681999999716],[-81.700254,36.49845699999971],[-81.699124,36.497395999999696],[-81.69772800000001,36.4969839999997],[-81.697197,36.49627599999973],[-81.697095,36.4940879999997],[-81.69594900000001,36.49161899999975],[-81.697783,36.48950299999972],[-81.697725,36.48647299999969],[-81.697325,36.485004999999695],[-81.697352,36.483515999999696],[-81.695922,36.4802899999997],[-81.696521,36.47834499999971],[-81.69635,36.47553699999969],[-81.69486,36.474486999999705],[-81.69460800000002,36.473371999999706],[-81.696131,36.4693599999997],[-81.695061,36.46751999999972],[-81.69758,36.46549699999967],[-81.699001,36.464067999999685],[-81.701267,36.4641609999997],[-81.704322,36.46328699999973],[-81.705465,36.46271599999971],[-81.708377,36.46208799999969],[-81.709464,36.45958799999972],[-81.711321,36.45875199999968],[-81.712308,36.458806999999695],[-81.71543,36.4576359999997],[-81.716695,36.456756999999705],[-81.716688,36.45613999999969],[-81.71515,36.454739999999695],[-81.715062,36.45335799999969],[-81.715581,36.45243199999969],[-81.715392,36.4512569999997],[-81.714362,36.45084299999971],[-81.713787,36.447172999999694],[-81.715983,36.4456999999997],[-81.71782600000002,36.44502299999971],[-81.71683900000001,36.44328199999968],[-81.71483900000001,36.44196399999971],[-81.714519,36.44098499999972],[-81.715708,36.43846299999971],[-81.714796,36.43741399999968],[-81.715204,36.43670399999969],[-81.718216,36.4350439999997],[-81.719937,36.43475799999969],[-81.721317,36.43389999999971],[-81.718895,36.43151599999969],[-81.717847,36.42985699999972],[-81.718003,36.42882899999967],[-81.71928,36.4253779999997],[-81.720876,36.4224699999997],[-81.722495,36.42195799999969],[-81.723549,36.422336999999686],[-81.724303,36.42035299999971],[-81.726002,36.4197429999997],[-81.727043,36.4198799999997],[-81.72779600000001,36.4179509999997],[-81.729177,36.417372999999714],[-81.729719,36.41565299999972],[-81.731636,36.4148169999997],[-81.733337,36.4148329999997],[-81.73433500000002,36.4135569999997],[-81.734457,36.412556999999715],[-81.735905,36.412363999999705],[-81.73766,36.41351799999969],[-81.738822,36.41304999999969],[-81.740087,36.413136999999715],[-81.741596,36.412586999999704],[-81.741928,36.41114799999967],[-81.74075,36.408976999999695],[-81.740022,36.4083019999997],[-81.740885,36.406965999999684],[-81.740415,36.40508099999969],[-81.74144700000001,36.40364099999968],[-81.741031,36.402101999999694],[-81.738984,36.40166299999969],[-81.738256,36.400575999999695],[-81.738955,36.39861899999969],[-81.738981,36.3966959999997],[-81.739368,36.395590999999705],[-81.738477,36.394826999999694],[-81.73452,36.39432899999969],[-81.731958,36.3949289999997],[-81.72965900000001,36.39304999999972],[-81.728863,36.391709999999705],[-81.72889,36.39082499999968],[-81.73014,36.38964799999972],[-81.730594,36.38740599999968],[-81.729587,36.38567599999972],[-81.730972,36.382937999999726],[-81.733438,36.382282999999696],[-81.734681,36.379847999999676],[-81.734592,36.3793539999997],[-81.733042,36.378567999999724],[-81.731953,36.3767059999997],[-81.731246,36.37414499999971],[-81.730827,36.37367999999968],[-81.729203,36.373662999999674],[-81.728998,36.37141599999968],[-81.727179,36.3701739999997],[-81.726066,36.368784999999704],[-81.726093,36.3681199999997],[-81.727116,36.365585999999695],[-81.725158,36.3636129999997],[-81.724021,36.3629939999997],[-81.722883,36.3612369999997],[-81.722508,36.358782999999704],[-81.72437300000001,36.35769499999971],[-81.72376700000001,36.3554279999997],[-81.723018,36.35449299999969],[-81.722133,36.35208599999971],[-81.719081,36.349004999999686],[-81.717754,36.348039999999685],[-81.714013,36.3467269999997],[-81.70846,36.34642499999969],[-81.707941,36.346136999999665],[-81.706112,36.34372399999968],[-81.705313,36.34177299999971],[-81.705878,36.3389009999997],[-81.707166,36.3368539999997],[-81.70747500000002,36.33522499999969],[-81.709792,36.33527199999969],[-81.712978,36.336016999999714],[-81.717306,36.336237999999724],[-81.71861000000001,36.33615399999972],[-81.720723,36.33845499999968],[-81.723363,36.3389109999997],[-81.724985,36.3401769999997],[-81.727974,36.34143099999968],[-81.731205,36.341341999999685],[-81.733689,36.3420029999997],[-81.735641,36.3428319999997],[-81.738302,36.34125999999969],[-81.73937,36.339922999999686],[-81.744275,36.33785399999969],[-81.74785,36.33739199999969],[-81.750454,36.33781199999968],[-81.752117,36.337084999999725],[-81.75447,36.33699899999969],[-81.755576,36.3383309999997],[-81.757713,36.3396659999997],[-81.759393,36.3400499999997],[-81.76171100000002,36.34020499999969],[-81.763164,36.33975399999969],[-81.764703,36.3387779999997],[-81.768927,36.34097499999968],[-81.769313,36.342502999999695],[-81.770467,36.34254999999968],[-81.771672,36.343510999999694],[-81.773259,36.343351999999676],[-81.774468,36.34415299999971],[-81.776236,36.346552999999695],[-81.77727200000001,36.34708299999969],[-81.778975,36.34857399999968],[-81.780275,36.34788099999972],[-81.782567,36.3475239999997],[-81.783403,36.3477529999997],[-81.78596,36.34747599999968],[-81.788171,36.3482529999997],[-81.789545,36.34821399999971],[-81.79013700000002,36.3488479999997],[-81.791199,36.35283699999968],[-81.790644,36.3538269999997],[-81.790938,36.355885999999714],[-81.791793,36.35606099999969],[-81.792976,36.35759599999971],[-81.793588,36.3589579999997],[-81.793654,36.3610239999997],[-81.793229,36.3621939999997],[-81.795096,36.36179699999969],[-81.79626,36.35967099999971],[-81.797474,36.358464999999725],[-81.800823,36.3580509999997],[-81.80165700000002,36.356557999999715],[-81.803171,36.35542999999969],[-81.804295,36.355548999999705],[-81.808812,36.353676999999706],[-81.809779,36.3522209999997],[-81.811891,36.3515099999997],[-81.814621,36.35135199999969],[-81.818439,36.3504599999997],[-81.820489,36.3492539999997],[-81.824232,36.348616999999685],[-81.82592300000002,36.34890299999971],[-81.829273,36.34777799999969],[-81.831481,36.34726199999974],[-81.833311,36.34718099999969],[-81.834854,36.3460549999997],[-81.841191,36.34335299999968],[-81.84438300000001,36.3414019999997],[-81.845691,36.340262999999695],[-81.846796,36.3399939999997],[-81.848159,36.338908999999724],[-81.849266,36.339007999999694],[-81.851268,36.337773999999705],[-81.851911,36.337011999999696],[-81.853553,36.336436999999705],[-81.854888,36.33720899999969],[-81.859044,36.33290899999972],[-81.860808,36.33211899999973],[-81.861792,36.33098599999969],[-81.865509,36.32919299999969],[-81.866402,36.3274419999997],[-81.866549,36.3263459999997],[-81.867612,36.325519999999706],[-81.868693,36.32411199999971],[-81.870569,36.32273299999969],[-81.87527200000001,36.31826299999972],[-81.876855,36.3156409999997],[-81.878307,36.31494399999969],[-81.879676,36.313706999999695],[-81.882065,36.31307899999968],[-81.884203,36.312014999999704],[-81.885729,36.310215999999706],[-81.88746,36.30916399999969],[-81.891902,36.30836099999967],[-81.895046,36.30714899999969],[-81.896823,36.307455999999696],[-81.89967,36.30673599999969],[-81.900384,36.306003999999696],[-81.90278300000001,36.3051659999997],[-81.90381900000001,36.30385299999967],[-81.90642,36.303046999999694],[-81.906765,36.30224599999967],[-81.908167,36.30196599999967],[-81.918119,36.287128999999695],[-81.939008,36.25603299999971],[-81.942719,36.251149999999704],[-81.949159,36.24288599999969],[-81.959651,36.228571999999716],[-81.962216,36.22494899999968],[-81.964828,36.22094699999968],[-81.968163,36.2160929999997],[-81.97834,36.2010709999997],[-81.98207,36.195464999999686],[-81.990752,36.182717999999696],[-81.992262,36.18039699999969],[-81.998177,36.171908999999694],[-82.000458,36.16838499999969],[-82.013906,36.14896699999969],[-82.021523,36.138020999999696],[-82.026901,36.13015399999968],[-82.026995,36.12844599999967],[-82.028745,36.12512899999971],[-82.03006700000002,36.12339299999967],[-82.033839,36.12047499999971],[-82.037315,36.121021999999705],[-82.039135,36.12168399999972],[-82.041564,36.12399599999969],[-82.044755,36.12555599999968],[-82.048367,36.12573899999968],[-82.049705,36.12605999999968],[-82.05155900000001,36.125937999999685],[-82.054012,36.126673999999696],[-82.056113,36.12495599999969],[-82.056714,36.123223999999695],[-82.05657700000002,36.12094899999967],[-82.057222,36.1198109999997],[-82.059907,36.11675799999968],[-82.061163,36.11400199999967],[-82.062051,36.112922999999704],[-82.066977,36.11225199999967],[-82.069591,36.1108079999997],[-82.071675,36.10914099999968],[-82.075196,36.10830799999969],[-82.080028,36.10643299999969],[-82.080688,36.105600999999695],[-82.081079,36.10316999999968],[-82.086532,36.106001999999684],[-82.088035,36.10616499999968],[-82.09277,36.105969999999665],[-82.094246,36.1060499999997],[-82.097628,36.10565799999969],[-82.10031,36.105670999999695],[-82.103013,36.10653499999969],[-82.105418,36.107836999999705],[-82.109294,36.10728099999967],[-82.11247300000001,36.10558499999971],[-82.116352,36.10430099999968],[-82.119633,36.10470699999967],[-82.124321,36.10430899999968],[-82.126965,36.10440999999967],[-82.128794,36.104013999999665],[-82.13062,36.10495899999969],[-82.130943,36.1073689999997],[-82.132602,36.11114999999971],[-82.133545,36.11276399999964],[-82.134918,36.114264999999705],[-82.135995,36.11653399999969],[-82.137856,36.11950999999968],[-82.137849,36.12021599999969],[-82.136826,36.12305699999968],[-82.137014,36.12563299999969],[-82.13677600000001,36.128099999999705],[-82.13698700000002,36.129038999999686],[-82.138305,36.13098499999968],[-82.141005,36.136640999999706],[-82.140849,36.13814699999969],[-82.141268,36.13897099999969],[-82.143415,36.139718999999694],[-82.144452,36.14040599999968],[-82.144675,36.14258799999968],[-82.144362,36.14395099999968],[-82.146408,36.145814999999686],[-82.146922,36.1468039999997],[-82.148175,36.1479519999997],[-82.148581,36.14985899999971],[-82.153121,36.148189999999694],[-82.155744,36.1482729999997],[-82.157255,36.1475309999997],[-82.159283,36.14589299999969],[-82.161015,36.14683899999968],[-82.164702,36.14593899999969],[-82.166206,36.1449829999997],[-82.16834,36.146663999999696],[-82.172934,36.14649999999972],[-82.174452,36.1452419999997],[-82.17513,36.14383999999968],[-82.177217,36.1423729999997],[-82.179066,36.1432909999997],[-82.181566,36.143790999999695],[-82.183518,36.143828999999705],[-82.184988,36.14528599999971],[-82.185604,36.146823999999704],[-82.186953,36.14865999999968],[-82.187353,36.15075299999967],[-82.187956,36.151027999999684],[-82.191012,36.14991199999969],[-82.192557,36.14899399999968],[-82.195667,36.15019099999969],[-82.196684,36.15155999999968],[-82.199442,36.1527349999997],[-82.200554,36.155048999999686],[-82.201733,36.15638399999968],[-82.204581,36.15735499999969],[-82.207988,36.15722899999966],[-82.209696,36.15824999999971],[-82.21189200000002,36.15899699999968],[-82.213898,36.15904099999972],[-82.215782,36.158473999999686],[-82.217977,36.1571979999997],[-82.219982,36.15671399999968],[-82.222145,36.1569219999997],[-82.222218,36.155212999999705],[-82.22339,36.15380599999968],[-82.224106,36.1512609999997],[-82.225752,36.149435999999675],[-82.2263,36.148341999999694],[-82.228102,36.147258999999714],[-82.229348,36.14541199999967],[-82.22953700000001,36.144587999999686],[-82.231292,36.144350999999695],[-82.233371,36.14286599999967],[-82.233542,36.1422079999997],[-82.235328,36.141749999999696],[-82.235646,36.14075999999968],[-82.238788,36.13846699999969],[-82.239684,36.1382259999997],[-82.24061,36.1372569999997],[-82.241992,36.137030999999695],[-82.243358,36.13438199999971],[-82.243472,36.13300799999969],[-82.245388,36.1311989999997],[-82.246743,36.131818999999666],[-82.249365,36.13244399999969],[-82.251268,36.132154999999706],[-82.254328,36.1360579999997],[-82.256435,36.134976999999665],[-82.260304,36.133532999999694],[-82.261192,36.13180199999968],[-82.263267,36.12989099999969],[-82.263925,36.1272969999997],[-82.266161,36.126956999999685],[-82.267847,36.127512999999695],[-82.269737,36.1274149999997],[-82.271572,36.12865699999968],[-82.273448,36.1293169999997],[-82.276165,36.129108999999715],[-82.278793,36.128680999999695],[-82.280635,36.12947799999969],[-82.281637,36.1306049999997],[-82.2835,36.13165999999968],[-82.287083,36.1347049999997],[-82.288572,36.1357269999997],[-82.291222,36.135254999999724],[-82.292685,36.13446399999969],[-82.29460900000001,36.133931999999696],[-82.296614,36.13377799999967],[-82.298179,36.13301999999968],[-82.302481,36.13146499999969],[-82.307304,36.128403999999705],[-82.308259,36.126958999999694],[-82.309574,36.126090999999704],[-82.314482,36.12389599999968],[-82.315046,36.12283699999967],[-82.316208,36.121933999999705],[-82.320684,36.11967699999967],[-82.323392,36.120180999999675],[-82.327533,36.117924999999694],[-82.329291,36.11744699999969],[-82.33154,36.11750199999968],[-82.333456,36.11607699999967],[-82.336487,36.11462299999971],[-82.338679,36.11477499999971],[-82.343779,36.115532999999694],[-82.346875,36.115118999999666],[-82.34837000000002,36.115488999999684],[-82.349337,36.11672499999971],[-82.350203,36.11703599999967],[-82.352761,36.11645199999968],[-82.353626,36.115744999999684],[-82.355684,36.11513899999968],[-82.356411,36.114066999999686],[-82.358633,36.112765999999674],[-82.36045,36.11143699999968],[-82.362007,36.10968999999968],[-82.363563,36.109394999999665],[-82.364295,36.10778499999969],[-82.365361,36.10744899999967],[-82.366597,36.10767599999967],[-82.36903100000002,36.10733499999969],[-82.372103,36.10609099999968],[-82.374689,36.10613399999969],[-82.375955,36.105322999999714],[-82.376559,36.10433499999967],[-82.378726,36.10325299999969],[-82.379791,36.10009399999968],[-82.380475,36.09934699999966],[-82.383109,36.099369999999674],[-82.38422,36.09877699999971],[-82.389218,36.0970969999997],[-82.391277,36.09522999999967],[-82.394332,36.0932469999997],[-82.395299,36.093104999999696],[-82.397372,36.09172599999965],[-82.398118,36.09031999999968],[-82.400074,36.09008899999969],[-82.40239,36.08923799999969],[-82.40334500000002,36.08805699999971],[-82.40566,36.0864469999997],[-82.406785,36.08481499999967],[-82.409798,36.08301899999968],[-82.41019700000001,36.08255199999969],[-82.418141,36.07078499999969],[-82.421471,36.065727999999666],[-82.425071,36.06047499999967],[-82.42934300000002,36.05403499999971],[-82.43584700000001,36.04450299999967],[-82.440984,36.03678899999969],[-82.447635,36.027019999999695],[-82.452641,36.019463999999694],[-82.458048,36.01155499999968],[-82.460583,36.00772399999966],[-82.462595,36.00715099999969],[-82.466824,36.00498599999968],[-82.468568,36.00349099999973],[-82.470245,36.00297899999968],[-82.471915,36.00142899999967],[-82.474575,35.999682999999685],[-82.476026,35.99818299999966],[-82.479298,35.99861599999969],[-82.481591,35.99802899999969],[-82.48319,35.99643199999969],[-82.483703,35.99554999999969],[-82.48417,35.99330099999967],[-82.486626,35.99191499999968],[-82.489268,35.990662999999714],[-82.491045,35.98903599999967],[-82.492369,35.98820799999968],[-82.496367,35.985046999999675],[-82.497846,35.98435399999971],[-82.499964,35.98244099999967],[-82.501466,35.982054999999676],[-82.503235,35.98220199999966],[-82.503809,35.981184999999684],[-82.504018,35.97914899999968],[-82.505425,35.97743199999968],[-82.509268,35.977466999999685],[-82.510732,35.97713499999969],[-82.512251,35.97560399999967],[-82.513466,35.97530499999967],[-82.515717,35.97589999999969],[-82.517233,35.97576899999968],[-82.522121,35.97401199999972],[-82.522904,35.9719759999997],[-82.525105,35.97104599999968],[-82.527063,35.972253999999666],[-82.528201,35.97238099999969],[-82.530963,35.97213599999968],[-82.534047,35.97028999999968],[-82.536728,35.96932899999968],[-82.54018,35.96895299999968],[-82.543113,35.96736099999969],[-82.543503,35.96644699999969],[-82.544716,35.96543299999969],[-82.549975,35.963839999999664],[-82.550333,35.96244599999969],[-82.552871,35.96051699999968],[-82.553686,35.959041999999705],[-82.554771,35.958126999999685],[-82.556493,35.955702999999694],[-82.558587,35.953889999999696],[-82.560043,35.954696999999676],[-82.562073,35.95489399999967],[-82.563641,35.955572999999674],[-82.565519,35.955198999999695],[-82.568201,35.95583299999968],[-82.570218,35.95756799999969],[-82.573009,35.9579169999997],[-82.576384,35.95884299999967],[-82.577327,35.963478999999666],[-82.577958,35.96444799999968],[-82.580462,35.96524799999969],[-82.583834,35.9652679999997],[-82.586162,35.96559099999968],[-82.588642,35.9655609999997],[-82.592376,35.96626199999969],[-82.596696,35.9650939999997],[-82.598237,35.96506999999967],[-82.600106,35.96459399999968],[-82.604831,35.96651399999968],[-82.608038,35.96601999999968],[-82.608667,35.9668299999997],[-82.610703,35.967202999999685],[-82.611457,35.970005999999685],[-82.611325,35.97309799999969],[-82.610939,35.97437999999969],[-82.609412,35.976768999999685],[-82.609256,35.978029999999684],[-82.608301,35.979278999999686],[-82.607002,35.983958999999686],[-82.60639,35.9850099999997],[-82.605083,35.98612699999968],[-82.604413,35.98746299999969],[-82.607128,35.992359999999714],[-82.612627,35.99345799999966],[-82.612998,35.995630999999676],[-82.614729,35.99907299999966],[-82.615177,36.00082599999969],[-82.613825,36.004916999999686],[-82.612917,36.00476499999967],[-82.611857,36.00629299999968],[-82.608587,36.00828599999967],[-82.608062,36.00938399999967],[-82.606876,36.01042999999968],[-82.609414,36.010866999999685],[-82.608537,36.01274199999969],[-82.608187,36.01505499999971],[-82.607552,36.01595099999969],[-82.605219,36.016940999999676],[-82.603238,36.01743699999968],[-82.602812,36.01793099999967],[-82.603286,36.0191239999997],[-82.603741,36.02151399999968],[-82.602923,36.02337099999967],[-82.599982,36.02559799999971],[-82.598299,36.0274449999997],[-82.594898,36.02964299999969],[-82.590995,36.031573999999694],[-82.590725,36.033304999999665],[-82.591447,36.03556799999968],[-82.593209,36.036206999999685],[-82.594691,36.036226999999684],[-82.596771,36.03676999999968],[-82.601659,36.03605399999967],[-82.602018,36.036674999999704],[-82.601674,36.038224999999656],[-82.60229700000001,36.039147999999685],[-82.603772,36.04025699999969],[-82.605524,36.04072299999967],[-82.607325,36.04256899999969],[-82.608163,36.04401299999968],[-82.609582,36.04489499999969],[-82.611075,36.04498599999972],[-82.613478,36.0465939999997],[-82.61511500000002,36.046312999999685],[-82.616192,36.04684499999968],[-82.61805900000002,36.04683299999972],[-82.618546,36.047388999999704],[-82.61806700000001,36.04851999999967],[-82.61786,36.05203699999968],[-82.617042,36.05376799999968],[-82.617954,36.0559099999997],[-82.619968,36.05733299999967],[-82.62261400000001,36.05770499999967],[-82.623184,36.05874899999967],[-82.625168,36.06038599999971],[-82.626433,36.06074399999969],[-82.632332,36.06430699999968],[-82.632608,36.065910999999694],[-82.633752,36.065730999999715],[-82.63723,36.065819999999675],[-82.637946,36.06524399999967],[-82.640994,36.06366199999971],[-82.643904,36.062629999999686],[-82.646524,36.0607679999997],[-82.647655,36.059411999999696],[-82.651533,36.05736799999971],[-82.653191,36.05705499999967],[-82.654944,36.05628099999967],[-82.656554,36.0563809999997],[-82.65926800000001,36.057116999999685],[-82.66033,36.05599099999969],[-82.664654,36.05412899999967],[-82.666684,36.05292599999971],[-82.670406,36.05300899999969],[-82.671225,36.0520089999997],[-82.67265300000001,36.0513439999997],[-82.673106,36.05009699999969],[-82.674851,36.04883299999967],[-82.678532,36.048602999999666],[-82.679392,36.048250999999695],[-82.681455,36.04631099999967],[-82.682321,36.04589999999969],[-82.684073,36.04579499999969],[-82.685224,36.04401999999968],[-82.685606,36.042113999999664],[-82.68755700000001,36.039722999999675],[-82.68958600000002,36.0381569999997],[-82.691291,36.03753099999971],[-82.697224,36.035782999999675],[-82.697954,36.034408999999684],[-82.701228,36.0343589999997],[-82.701931,36.0325789999997],[-82.704826,36.03174299999971],[-82.705996,36.03092399999968],[-82.70864,36.02972099999969],[-82.710244,36.02988499999971],[-82.712415,36.02907099999966],[-82.714897,36.02870799999969],[-82.715512,36.027663999999696],[-82.715721,36.025624999999685],[-82.715341,36.023553999999685],[-82.716322,36.02250899999969],[-82.719879,36.0215749999997],[-82.72334,36.0191939999997],[-82.725707,36.0180889999997],[-82.727056,36.01845299999969],[-82.72840600000002,36.01832999999968],[-82.730461,36.01759799999969],[-82.731962,36.01751499999966],[-82.734213,36.01530999999967],[-82.7375,36.01533099999969],[-82.739576,36.01470899999971],[-82.739562,36.01316499999969],[-82.740852,36.01200499999968],[-82.742543,36.012360999999686],[-82.743394,36.0108279999997],[-82.745206,36.009782999999715],[-82.74691,36.009551999999694],[-82.749148,36.00972599999968],[-82.750882,36.008689999999696],[-82.750228,36.0071739999997],[-82.750221,36.00598099999967],[-82.75248,36.006218999999696],[-82.754442,36.00438999999969],[-82.75717400000002,36.0043959999997],[-82.758662,36.004110999999696],[-82.759987,36.00507299999968],[-82.76257,36.004843999999686],[-82.766426,36.00266899999969],[-82.767596,36.00252099999968],[-82.771052,36.00149999999968],[-82.771914,36.00076299999969],[-82.77448,36.00070399999969],[-82.77567,36.0010679999997],[-82.776096,36.0002979999997],[-82.77615000000002,35.9986779999997],[-82.777376,35.99863799999968],[-82.778143,35.99708299999968],[-82.778066,35.99586199999969],[-82.778766,35.99471599999969],[-82.779315,35.99220499999967],[-82.780554,35.991789999999696],[-82.780904,35.99089799999968],[-82.781969,35.99066199999969],[-82.782622,35.98981499999967],[-82.783981,35.98941999999966],[-82.785302,35.98838399999967],[-82.784919,35.98555199999971],[-82.785202,35.9842279999997],[-82.784499,35.98237399999969],[-82.78569,35.977840999999685],[-82.782621,35.97485799999969],[-82.78091600000002,35.974125999999686],[-82.778221,35.974663999999684],[-82.776505,35.97405799999967],[-82.775038,35.97197099999967],[-82.776006,35.97134999999968],[-82.776888,35.969649999999696],[-82.77739,35.967737999999684],[-82.77872,35.96639899999968],[-82.782588,35.96514799999971],[-82.784359,35.963451999999656],[-82.785258,35.961952999999674],[-82.785267,35.95933099999968],[-82.78612000000001,35.95683399999966],[-82.786977,35.95592399999969],[-82.78735,35.95249599999969],[-82.788689,35.95148099999968],[-82.789795,35.9517779999997],[-82.791288,35.951033999999716],[-82.792147,35.94958299999968],[-82.793714,35.94826099999967],[-82.794828,35.94672999999968],[-82.796858,35.94638999999969],[-82.799727,35.944660999999684],[-82.802067,35.941327999999665],[-82.803989,35.93994699999967],[-82.803936,35.938771999999666],[-82.805723,35.93805999999968],[-82.806305,35.937376999999685],[-82.80570000000002,35.93487999999967],[-82.804755,35.93398599999968],[-82.803543,35.93099299999968],[-82.802675,35.929570999999704],[-82.805085,35.927136999999675],[-82.810746,35.926830999999666],[-82.812646,35.92548299999965],[-82.815181,35.9254839999997],[-82.815818,35.92402499999968],[-82.819058,35.92291599999966],[-82.820318,35.92203099999969],[-82.821948,35.9218299999997],[-82.822797,35.9228619999997],[-82.823551,35.924858999999685],[-82.82652,35.9277389999997],[-82.825895,35.929669999999696],[-82.827412,35.9309419999997],[-82.828235,35.932540999999674],[-82.829386,35.932923999999694],[-82.830959,35.93258899999967],[-82.832406,35.932812999999676],[-82.833472,35.93559799999967],[-82.835709,35.93695199999967],[-82.83789,35.937029999999694],[-82.838831,35.937446999999665],[-82.839338,35.93946399999968],[-82.841479,35.94190099999972],[-82.844593,35.94206099999968],[-82.844613,35.94431199999968],[-82.84603700000001,35.94616899999968],[-82.847049,35.94591499999967],[-82.849187,35.94692799999968],[-82.85027700000002,35.948529999999664],[-82.85203,35.949328999999686],[-82.853017,35.9488199999997],[-82.856251,35.948031999999685],[-82.85892,35.947905999999705],[-82.860312,35.94745199999967],[-82.864554,35.94905499999971],[-82.866453,35.94952699999969],[-82.867518,35.95044099999968],[-82.869512,35.9505039999997],[-82.870449,35.951700999999694],[-82.87327,35.95229499999968],[-82.874493,35.952767999999686],[-82.874837,35.952030999999685],[-82.876448,35.95148399999969],[-82.878467,35.950119999999664],[-82.879498,35.950246999999685],[-82.883534,35.949518999999704],[-82.885053,35.94880399999968],[-82.887705,35.94871399999971],[-82.889094,35.948245999999706],[-82.890325,35.94661399999968],[-82.892662,35.94500299999968],[-82.895669,35.94462799999967],[-82.898182,35.94522999999968],[-82.901301,35.938617999999686],[-82.901784,35.937851999999694],[-82.901309,35.936413999999665],[-82.901513,35.935030999999704],[-82.900344,35.934293999999696],[-82.900425,35.93320599999968],[-82.899296,35.93242599999968],[-82.899609,35.9313159999997],[-82.899049,35.929612999999705],[-82.900292,35.92932699999969],[-82.900245,35.9282999999997],[-82.901522,35.927876999999704],[-82.90182,35.92695999999969],[-82.904292,35.92615299999971],[-82.906602,35.926411999999694],[-82.907797,35.9270599999997],[-82.910332,35.927400999999705],[-82.911675,35.9285719999997],[-82.912195,35.929593999999675],[-82.91385,35.92965399999967],[-82.91639,35.92902299999968],[-82.919835,35.928885999999686],[-82.920491,35.927340999999714],[-82.919491,35.92609499999966],[-82.916168,35.92414399999968],[-82.913581,35.92434099999966],[-82.913549,35.92167099999969],[-82.91307,35.92038799999969],[-82.911778,35.91998999999967],[-82.91161,35.919373999999664],[-82.912272,35.91781399999968],[-82.911678,35.91666599999968],[-82.914286,35.91505599999969],[-82.913003,35.913638999999684],[-82.911929,35.91343499999967],[-82.910389,35.91253999999966],[-82.90991,35.91117099999968],[-82.90837600000002,35.91130799999966],[-82.907877,35.910807999999705],[-82.908411,35.90925899999969],[-82.90698,35.907576999999684],[-82.908283,35.90501099999969],[-82.907974,35.903951999999684],[-82.906616,35.90328599999969],[-82.905888,35.90235799999968],[-82.905017,35.89955499999969],[-82.904681,35.89701699999969],[-82.902784,35.89491199999967],[-82.902764,35.89399499999965],[-82.901057,35.89248299999968],[-82.902191,35.89116999999968],[-82.90265800000002,35.88894599999966],[-82.906474,35.88577599999967],[-82.906825,35.8839079999997],[-82.905331,35.88269699999967],[-82.905048,35.88192899999968],[-82.903627,35.880457999999685],[-82.898583,35.8812639999997],[-82.896403,35.880498999999695],[-82.896081,35.87954399999968],[-82.896776,35.87825699999968],[-82.898017,35.877575999999664],[-82.898215,35.87691399999968],[-82.899438,35.87618299999967],[-82.899899,35.87398799999965],[-82.901221,35.87267999999968],[-82.903152,35.8721739999997],[-82.905285,35.87121999999971],[-82.906411,35.870249999999665],[-82.90941800000002,35.86923599999968],[-82.910774,35.8685729999997],[-82.912967,35.86828799999967],[-82.914949,35.86869399999968],[-82.918139,35.868797999999686],[-82.920168,35.868577999999694],[-82.920831,35.868177999999695],[-82.920747,35.86702099999969],[-82.921293,35.865847999999694],[-82.92089300000002,35.86456399999967],[-82.921345,35.8636799999997],[-82.921193,35.86253199999967],[-82.920231,35.86109799999966],[-82.918224,35.85949299999967],[-82.91977,35.85760399999968],[-82.920271,35.85614999999969],[-82.919888,35.85411899999968],[-82.920283,35.85278899999969],[-82.919919,35.85204499999968],[-82.920973,35.851281999999664],[-82.919909,35.84952799999968],[-82.919923,35.84829499999968],[-82.919198,35.847332999999665],[-82.918356,35.84537699999969],[-82.917335,35.84436999999968],[-82.91657,35.84148599999967],[-82.919448,35.84072999999967],[-82.92021100000001,35.83938499999968],[-82.922602,35.83921599999969],[-82.927681,35.83859699999967],[-82.930009,35.83785999999966],[-82.931941,35.83752599999969],[-82.93407,35.83666199999967],[-82.933132,35.835169999999664],[-82.932908,35.83346799999968],[-82.934029,35.83234999999968],[-82.93347,35.83030699999969],[-82.934712,35.828985999999695],[-82.936162,35.82540999999968],[-82.93827200000001,35.825411999999695],[-82.939429,35.825742999999676],[-82.943824,35.82558599999969],[-82.94563,35.82461499999968],[-82.946966,35.82293499999972],[-82.946902,35.82198399999967],[-82.947735,35.821096999999696],[-82.948595,35.81933899999967],[-82.948138,35.817968999999664],[-82.949698,35.81633499999968],[-82.951764,35.816607999999675],[-82.952964,35.8146339999997],[-82.953979,35.81352899999966],[-82.953755,35.81261199999968],[-82.954891,35.81125599999969],[-82.95599,35.80928399999968],[-82.956279,35.80775799999968],[-82.957968,35.805566999999655],[-82.959224,35.80271899999969],[-82.961556,35.800823999999636],[-82.962022,35.79972699999966],[-82.961827,35.796870999999676],[-82.962818,35.79565099999966],[-82.962713,35.7933629999997],[-82.961817,35.79196399999967],[-82.96175400000001,35.790958999999674],[-82.963025,35.78999399999968],[-82.965323,35.79037399999968],[-82.966742,35.78985999999968],[-82.969585,35.7896909999997],[-82.971842,35.788192999999694],[-82.974268,35.7869999999997],[-82.974722,35.7861019999997],[-82.976811,35.784645999999654],[-82.977699,35.783275999999674],[-82.978719,35.78242999999966],[-82.980204,35.78181399999967],[-82.981197,35.780235999999675],[-82.984057,35.77802899999968],[-82.986963,35.77696399999968],[-82.987504,35.77629499999969],[-82.989519,35.77597299999967],[-82.99096,35.7750909999997],[-82.992348,35.77381399999969],[-82.99585100000002,35.773084999999675],[-82.997844,35.77320299999969],[-82.999591,35.77379799999966],[-83.001164,35.773718999999666],[-83.001763,35.774993999999666],[-83.003165,35.77586299999967],[-83.003535,35.77696199999967],[-83.00493,35.77745699999965],[-83.005988,35.77849599999967],[-83.011247,35.778898999999676],[-83.01376,35.781075999999665],[-83.015776,35.78197699999969],[-83.017374,35.78166999999966],[-83.019457,35.78052299999966],[-83.020678,35.78057799999967],[-83.023886,35.78341999999968],[-83.02564,35.78370499999968],[-83.027291,35.7848429999997],[-83.0299,35.7855799999997],[-83.031377,35.785266999999685],[-83.032388,35.7862459999997],[-83.033858,35.78697099999968],[-83.036487,35.787487999999676],[-83.037593,35.78677899999967],[-83.038389,35.78700499999968],[-83.040007,35.78663699999967],[-83.043091,35.785495999999675],[-83.046088,35.78597099999968],[-83.048692,35.7879289999997],[-83.051018,35.78863799999966],[-83.052821,35.7897049999997],[-83.059864,35.7879069999997],[-83.061373,35.78718899999967],[-83.064058,35.78693099999968],[-83.066524,35.787118999999684],[-83.06915,35.7880779999997],[-83.072048,35.788639999999695],[-83.073918,35.79005499999968],[-83.075037,35.790015999999696],[-83.07652,35.789394999999686],[-83.078745,35.789586999999656],[-83.079986,35.78851499999969],[-83.081064,35.787086999999694],[-83.083027,35.78704799999971],[-83.08544,35.78567399999968],[-83.085945,35.78412899999967],[-83.087597,35.78367899999969],[-83.089302,35.78149099999966],[-83.093488,35.77968899999968],[-83.09458,35.779599999999704],[-83.095569,35.77772199999966],[-83.096754,35.77635099999968],[-83.099429,35.775096999999676],[-83.100895,35.77482899999967],[-83.102123,35.775113999999675],[-83.104711,35.77432199999967],[-83.104703,35.77353299999965],[-83.106402,35.77315099999968],[-83.107837,35.772089999999686],[-83.109186,35.77214999999968],[-83.10959,35.77137599999968],[-83.111204,35.770623999999685],[-83.112394,35.77091299999967],[-83.115191,35.770053999999696],[-83.118239,35.769783999999675],[-83.120608,35.76643099999968],[-83.121917,35.7669689999997],[-83.124872,35.76716699999966],[-83.127673,35.76805799999968],[-83.13014,35.7674059999997],[-83.13339,35.7670769999997],[-83.134934,35.76630299999968],[-83.136248,35.76522199999969],[-83.141897,35.765640999999675],[-83.143778,35.765283999999674],[-83.14644,35.765383999999685],[-83.147405,35.76443899999966],[-83.149029,35.76395599999967],[-83.151483,35.764626999999656],[-83.154422,35.76430999999968],[-83.158277,35.76503499999968],[-83.159936,35.76440899999969],[-83.16063,35.76368399999965],[-83.162625,35.76254699999967],[-83.164089,35.76033299999968],[-83.165059,35.759503999999666],[-83.16539,35.757031999999676],[-83.164743,35.75436199999969],[-83.164925,35.75376299999969],[-83.166691,35.75187899999968],[-83.168012,35.75105499999968],[-83.168714,35.74994199999969],[-83.170285,35.74602999999967],[-83.174962,35.74513599999967],[-83.177812,35.744344999999676],[-83.178095,35.742437999999645],[-83.179875,35.740432999999676],[-83.18075,35.73903799999971],[-83.18136300000002,35.736823999999686],[-83.18343900000002,35.734653999999665],[-83.185137,35.73075299999969],[-83.187131,35.72971499999967],[-83.18895,35.72965499999967],[-83.191786,35.728428999999686],[-83.193733,35.727928999999655],[-83.195572,35.72696199999968],[-83.1976,35.72528599999967],[-83.200834,35.72505499999968],[-83.204264,35.726015999999674],[-83.207544,35.72614099999967],[-83.211182,35.72453099999966],[-83.214196,35.72411299999967],[-83.215534,35.72448099999968],[-83.217644,35.72586499999968],[-83.221518,35.72622599999965],[-83.223182,35.72590099999966],[-83.225129,35.72598799999969],[-83.228201,35.72581099999968],[-83.230074,35.72602599999969],[-83.232775,35.725957999999665],[-83.240827,35.72685599999964],[-83.242751,35.72305799999968],[-83.243384,35.72243699999966],[-83.245357,35.72169499999967],[-83.246819,35.72151799999967],[-83.250375,35.72042099999968],[-83.251864,35.71947199999964],[-83.254142,35.71753399999968],[-83.255201,35.71586999999969],[-83.255343,35.715083999999685],[-83.253585,35.71421299999968],[-83.25349,35.712152999999674],[-83.251655,35.70954499999968],[-83.251635,35.70887499999968],[-83.255409,35.70621799999967],[-83.257417,35.70522499999968],[-83.256414,35.703861999999674],[-83.255688,35.70221899999969],[-83.255265,35.700427999999675],[-83.255744,35.6989939999997],[-83.254822,35.69765899999971],[-83.254257,35.6955929999997],[-83.255961,35.69498999999968],[-83.257734,35.69381999999969],[-83.258152,35.692105999999676],[-83.259291,35.69037099999969],[-83.261076,35.689772999999676],[-83.263305,35.6885159999997],[-83.266908,35.688648999999685],[-83.268094,35.688237999999664],[-83.27068,35.68682699999969],[-83.271044,35.68631599999967],[-83.271166,35.68316799999967],[-83.272076,35.68232699999968],[-83.27303900000001,35.68053099999967],[-83.274467,35.67907599999969],[-83.277848,35.67852199999968],[-83.281342,35.67769899999966],[-83.282797,35.67520499999967],[-83.284252,35.674435999999666],[-83.288843,35.67448099999969],[-83.290305,35.67349799999967],[-83.290951,35.67260199999966],[-83.291133,35.66930699999968],[-83.291928,35.66601099999967],[-83.293672,35.66491699999967],[-83.293497,35.66205599999967],[-83.294339,35.66079799999969],[-83.295053,35.66048399999964],[-83.296211,35.65887999999968],[-83.297449,35.658259999999665],[-83.298567,35.65713399999968],[-83.302256,35.65658399999968],[-83.303555,35.655864999999636],[-83.306506,35.65547999999967],[-83.309034,35.65602899999967],[-83.309713,35.654957999999674],[-83.310945,35.65449099999966],[-83.312379,35.65470599999967],[-83.31385300000001,35.65626599999968],[-83.315341,35.65701799999968],[-83.317623,35.658945999999666],[-83.318801,35.66029199999966],[-83.319818,35.66094599999966],[-83.320572,35.66222499999966],[-83.321616,35.663053999999676],[-83.324678,35.66308099999969],[-83.326886,35.66333899999968],[-83.327701,35.66376299999966],[-83.329566,35.66372899999965],[-83.330468,35.664541999999685],[-83.332138,35.66454699999967],[-83.33446,35.665606999999675],[-83.335437,35.66550799999966],[-83.338365,35.66375999999969],[-83.339374,35.66358899999968],[-83.340782,35.66457799999967],[-83.341932,35.66406099999967],[-83.342766,35.66292899999966],[-83.345007,35.661208999999644],[-83.346259,35.661444999999695],[-83.348501,35.660817999999665],[-83.350985,35.66044899999968],[-83.35284100000001,35.65871699999968],[-83.35373,35.657442999999695],[-83.354522,35.6554099999997],[-83.356036,35.65415099999967],[-83.355753,35.65216799999968],[-83.356102,35.65041899999969],[-83.358241,35.64884299999967],[-83.358381,35.64731599999969],[-83.35899300000001,35.64654699999965],[-83.360628,35.64570599999968],[-83.362605,35.64323799999968],[-83.363776,35.642918999999665],[-83.366163,35.64092399999967],[-83.367709,35.63795699999968],[-83.368295,35.63776899999968],[-83.371269,35.638377999999655],[-83.371748,35.63911299999966],[-83.372878,35.63883299999967],[-83.374129,35.63788199999967],[-83.37499,35.63784599999969],[-83.376612,35.636846999999676],[-83.37792600000002,35.634644999999665],[-83.380794,35.63463599999968],[-83.388726,35.63362199999968],[-83.388713,35.63239199999967],[-83.38973,35.630584999999684],[-83.390667,35.628150999999676],[-83.39295,35.62485899999966],[-83.396282,35.62280599999965],[-83.399276,35.62186199999968],[-83.401873,35.62138999999967],[-83.403461,35.62134099999966],[-83.40652200000001,35.61998999999968],[-83.409006,35.61824899999967],[-83.411609,35.617013999999685],[-83.412046,35.616266999999674],[-83.413547,35.61565699999968],[-83.41518200000002,35.61445499999967],[-83.416917,35.614306999999684],[-83.420268,35.61341699999968],[-83.420726,35.611785999999654],[-83.422038,35.61104899999968],[-83.424392,35.61091799999967],[-83.425925,35.61108299999969],[-83.426766,35.610675999999685],[-83.428569,35.61069899999966],[-83.429484,35.61028599999967],[-83.432303,35.60998999999967],[-83.435142,35.610686999999665],[-83.436911,35.610752999999704],[-83.439803,35.6112199999997],[-83.441263,35.611752999999666],[-83.445676,35.61174699999968],[-83.446415,35.60936799999968],[-83.447034,35.60863199999969],[-83.450767,35.60632999999969],[-83.451254,35.60393999999966],[-83.452905,35.602719999999664],[-83.455011,35.602021999999685],[-83.454943,35.60019799999965],[-83.455305,35.59884699999968],[-83.456589,35.597193999999675],[-83.459037,35.595851999999674],[-83.461452,35.59528599999967],[-83.462692,35.59256999999968],[-83.466373,35.591686999999666],[-83.471296,35.59026799999968],[-83.472499,35.58915299999966],[-83.47237,35.587157999999675],[-83.473963,35.58539999999966],[-83.476316,35.584311999999656],[-83.478588,35.583541999999674],[-83.47916,35.58303099999966],[-83.478626,35.57922999999967],[-83.47974,35.57825999999966],[-83.481805,35.574827999999656],[-83.482644,35.57254799999968],[-83.484074,35.57069599999968],[-83.485156,35.56873499999967],[-83.485834,35.56818999999968],[-83.49013,35.56703999999968],[-83.493317,35.56682999999968],[-83.495071,35.56585699999965],[-83.49854400000001,35.56288799999966],[-83.501351,35.56261399999967],[-83.50426200000001,35.562054999999674],[-83.505888,35.56223699999968],[-83.507878,35.56197399999966],[-83.510567,35.56271099999969],[-83.51322900000001,35.563079999999665],[-83.516234,35.56241599999968],[-83.518096,35.563069999999676],[-83.519958,35.56498799999965],[-83.521974,35.565592999999666],[-83.52629,35.56480799999969],[-83.528731,35.56497899999967],[-83.530304,35.56451199999965],[-83.536004,35.564721999999676],[-83.540717,35.56586499999968],[-83.54231,35.56523399999966],[-83.544973,35.56525599999966],[-83.547836,35.564195999999676],[-83.548979,35.56417999999968],[-83.551171,35.56349299999969],[-83.552206,35.56417999999965],[-83.55626,35.56499799999967],[-83.559292,35.56461299999969],[-83.562008,35.565162999999664],[-83.564979,35.56609099999965],[-83.56621600000001,35.56444299999967],[-83.568064,35.56406399999968],[-83.56953,35.56431599999967],[-83.571561,35.565342999999665],[-83.573255,35.56518899999966],[-83.57478,35.563968999999666],[-83.577403,35.56374399999968],[-83.579143,35.56381999999967],[-83.581153,35.56281399999966],[-83.584374,35.562697999999656],[-83.585987,35.563444999999675],[-83.586613,35.564235999999674],[-83.587561,35.567025999999665],[-83.589821,35.56857499999967],[-83.591253,35.56905799999966],[-83.591778,35.571632999999686],[-83.59266,35.572434999999665],[-83.59459700000001,35.57347299999967],[-83.596393,35.57508699999968],[-83.597925,35.574800999999674],[-83.598853,35.5755749999997],[-83.599816,35.57719499999967],[-83.601774,35.57891899999968],[-83.605697,35.57959799999964],[-83.607153,35.57953199999967],[-83.60849800000001,35.58000899999967],[-83.61109800000001,35.576953999999674],[-83.61204600000002,35.57656299999966],[-83.613497,35.57512899999966],[-83.614929,35.57469499999966],[-83.616097,35.57348199999965],[-83.617899,35.57301799999967],[-83.618719,35.5722319999997],[-83.621409,35.57264799999966],[-83.623472,35.57108599999966],[-83.624888,35.57068999999967],[-83.626374,35.56936099999967],[-83.629468,35.568164999999674],[-83.633526,35.57069299999967],[-83.634105,35.570396999999694],[-83.634899,35.56853499999966],[-83.636096,35.56771199999968],[-83.639569,35.56664099999969],[-83.639962,35.56620299999968],[-83.64307400000001,35.56617599999967],[-83.644614,35.56589699999966],[-83.64618,35.56670899999967],[-83.64748400000002,35.566896999999656],[-83.648637,35.56757299999968],[-83.653204,35.56841399999966],[-83.65381,35.569464999999674],[-83.656014,35.57001299999967],[-83.657526,35.569227999999676],[-83.660827,35.56834399999969],[-83.662723,35.56942099999967],[-83.664874,35.569799999999674],[-83.667617,35.569289999999675],[-83.673169,35.56939499999967],[-83.674554,35.57010399999965],[-83.676699,35.570218999999646],[-83.678238,35.569767999999655],[-83.679825,35.57033999999968],[-83.681028,35.5694659999997],[-83.682763,35.56875199999966],[-83.684416,35.56893299999965],[-83.687697,35.56819699999966],[-83.689687,35.568971999999675],[-83.692262,35.56871299999967],[-83.693236,35.569009999999665],[-83.695045,35.570239999999664],[-83.696087,35.57029499999967],[-83.697088,35.56956399999968],[-83.70112800000001,35.56753099999968],[-83.70432800000002,35.56867299999965],[-83.706607,35.568611999999675],[-83.708079,35.56804099999968],[-83.71023,35.56660099999965],[-83.712591,35.56630499999967],[-83.714007,35.56418299999968],[-83.715358,35.56389699999967],[-83.717956,35.56406199999966],[-83.721112,35.563378999999664],[-83.722536,35.5623569999997],[-83.724681,35.56270199999968],[-83.727329,35.562788999999675],[-83.728445,35.56386999999969],[-83.73018,35.564149999999664],[-83.73264,35.563648999999664],[-83.734476,35.56502699999968],[-83.736412,35.565459999999675],[-83.738866,35.56465699999966],[-83.741484,35.562851999999666],[-83.743025,35.56311099999966],[-83.74406,35.56192999999969],[-83.746162,35.56042399999967],[-83.747561,35.560400999999665],[-83.75092,35.56249299999969],[-83.755113,35.56458699999967],[-83.758811,35.56273299999966],[-83.759551,35.562572999999695],[-83.764188,35.562695999999676],[-83.765398,35.56163699999967],[-83.767589,35.56187899999964],[-83.770587,35.56174299999968],[-83.771889,35.56138999999969],[-83.772288,35.56061199999966],[-83.772619,35.55754099999969],[-83.775093,35.55636099999967],[-83.777036,35.55399499999968],[-83.778219,35.55321499999967],[-83.779423,35.55136999999967],[-83.780444,35.550523999999655],[-83.782743,35.55040999999969],[-83.784444,35.549793999999686],[-83.785667,35.54847099999963],[-83.786964,35.54779599999966],[-83.790246,35.54696299999969],[-83.79175600000002,35.54608799999966],[-83.794646,35.545648999999656],[-83.796581,35.543303999999644],[-83.798598,35.54175599999969],[-83.802609,35.54156399999969],[-83.806311,35.53808699999966],[-83.808038,35.53709299999965],[-83.808704,35.534769999999675],[-83.809893,35.53299599999966],[-83.811378,35.53261699999967],[-83.816504,35.52889799999968],[-83.819278,35.52732699999967],[-83.820192,35.525799999999656],[-83.823363,35.52545399999967],[-83.825566,35.524310999999656],[-83.827938,35.52453599999968],[-83.832143,35.52457399999968],[-83.834172,35.52380399999967],[-83.835482,35.52362299999966],[-83.837893,35.52265599999968],[-83.840124,35.52151799999966],[-83.842374,35.521506999999694],[-83.845008,35.52094599999968],[-83.846008,35.520126999999675],[-83.849326,35.51862099999967],[-83.854076,35.520617999999665],[-83.857181,35.52157299999964],[-83.858706,35.52145699999964],[-83.86042500000002,35.52075899999967],[-83.86185600000002,35.52057699999966],[-83.86363700000001,35.52086099999967],[-83.868755,35.520001999999664],[-83.872894,35.520889999999646],[-83.874895,35.519866999999664],[-83.876648,35.51927699999966],[-83.879202,35.51930299999967],[-83.88031200000002,35.51878199999969],[-83.88159,35.51718699999967],[-83.883228,35.51561499999965],[-83.883169,35.5140299999997],[-83.884029,35.512555999999655],[-83.886026,35.510629999999665],[-83.887756,35.50860899999967],[-83.889128,35.50641999999965],[-83.889861,35.50473699999968],[-83.892801,35.50223999999969],[-83.894709,35.502031999999666],[-83.896894,35.500962999999665],[-83.897216,35.49970799999968],[-83.899023,35.498538999999646],[-83.901466,35.49655199999966],[-83.901335,35.49510599999968],[-83.90029100000001,35.49428799999968],[-83.900365,35.49303099999968],[-83.901249,35.491346999999664],[-83.905781,35.48868899999968],[-83.90721900000001,35.48549999999966],[-83.908788,35.48375299999968],[-83.909143,35.48251199999967],[-83.908976,35.48046399999966],[-83.911875,35.47606799999968],[-83.913809,35.47545899999966],[-83.915835,35.47388899999963],[-83.917927,35.473891999999665],[-83.919022,35.47329199999965],[-83.920187,35.47343699999966],[-83.921716,35.474253999999654],[-83.924141,35.474310999999666],[-83.925504,35.47354599999965],[-83.926532,35.47358199999965],[-83.927996,35.47300199999966],[-83.929223,35.47320999999968],[-83.934904,35.47215599999964],[-83.936978,35.471441999999676],[-83.938654,35.469461999999695],[-83.940149,35.46867199999966],[-83.94197,35.46731199999969],[-83.94301,35.46545099999967],[-83.942738,35.46452399999967],[-83.94498,35.464219999999656],[-83.94716700000001,35.46303899999965],[-83.947573,35.462213999999676],[-83.949242,35.46109899999969],[-83.951379,35.460591999999686],[-83.952972,35.46055199999967],[-83.95457200000001,35.46285399999965],[-83.955772,35.46364499999968],[-83.957932,35.4642669999997],[-83.96108,35.464137999999664],[-83.961051,35.46017399999967],[-83.963223,35.45803099999967],[-83.963085,35.45642199999967],[-83.964864,35.456620999999664],[-83.96563,35.45572399999967],[-83.964242,35.45508299999968],[-83.964797,35.454104999999664],[-83.966516,35.455118999999655],[-83.969461,35.455166999999655],[-83.970948,35.455492999999684],[-83.971969,35.45463799999968],[-83.971469,35.45291399999965],[-83.97272,35.45299199999965],[-83.973017,35.4517919999997],[-83.973077,35.44864999999967],[-83.972397,35.44771999999968],[-83.97532,35.44780899999967],[-83.975828,35.446560999999654],[-83.976719,35.446691999999665],[-83.97854,35.44796099999971],[-83.980118,35.44796099999968],[-83.982533,35.444270999999645],[-83.983279,35.44228999999966],[-83.983449,35.44080999999966],[-83.984433,35.44014999999968],[-83.986019,35.44027799999968],[-83.986903,35.44080999999966],[-83.988574,35.44053499999968],[-83.988343,35.43921399999965],[-83.989828,35.43925599999968],[-83.990704,35.44042099999967],[-83.991777,35.44067399999967],[-83.992601,35.43946499999966],[-83.992985,35.43775699999966],[-83.994476,35.43673899999966],[-83.994894,35.43506899999966],[-83.996351,35.43490499999967],[-83.996876,35.43382499999967],[-83.999124,35.434222999999655],[-83.999708,35.43319099999968],[-83.998785,35.43255699999967],[-83.999258,35.431142999999686],[-83.998284,35.430433999999664],[-83.999884,35.42836599999968],[-83.999165,35.42693599999968],[-83.999482,35.42594099999968],[-84.001682,35.42302899999967],[-84.004262,35.42144899999968],[-84.005254,35.421185999999665],[-84.006181,35.41963999999965],[-84.01064,35.416476999999674],[-84.01217,35.415068999999676],[-84.013889,35.41271099999966],[-84.0153,35.41193099999967],[-84.018304,35.41139599999967],[-84.020224,35.41199799999966],[-84.023052,35.411932999999664],[-84.023498,35.41141899999964],[-84.02283,35.40926499999967],[-84.021315,35.407154999999676],[-84.021101,35.40640999999964],[-84.021452,35.404222999999654],[-84.020311,35.40303799999967],[-84.018712,35.39999599999964],[-84.017881,35.399306999999645],[-84.015138,35.398554999999654],[-84.013695,35.39764599999964],[-84.012794,35.39266399999966],[-84.011963,35.39188299999969],[-84.010475,35.39198299999967],[-84.008907,35.391298999999655],[-84.008296,35.389731999999654],[-84.010457,35.386812999999655],[-84.011396,35.38460099999966],[-84.00968000000002,35.382502999999666],[-84.009587,35.38088899999966],[-84.008301,35.378765999999665],[-84.008219,35.37805399999965],[-84.008882,35.37573099999966],[-84.008742,35.37281799999968],[-84.007394,35.371648999999685],[-84.008879,35.37018199999967],[-84.010832,35.36873399999967],[-84.01262,35.36696899999966],[-84.015057,35.36498099999969],[-84.016455,35.36265799999966],[-84.01752,35.36167799999965],[-84.019247,35.35951799999966],[-84.019456,35.3583409999997],[-84.021006,35.35696199999968],[-84.02273,35.356272999999696],[-84.023231,35.35443899999967],[-84.023714,35.35408699999965],[-84.025942,35.35401899999969],[-84.02804600000002,35.35362299999965],[-84.02961,35.35376299999965],[-84.03295,35.352867999999674],[-84.034274,35.35164599999968],[-84.036598,35.351424999999665],[-84.03839,35.35092399999965],[-84.038881,35.34820799999965],[-84.036227,35.34586099999967],[-84.03546300000001,35.34470499999967],[-84.034001,35.34327599999969],[-84.034053,35.34254599999967],[-84.035568,35.34146999999966],[-84.036212,35.33937099999967],[-84.036195,35.33765799999966],[-84.034713,35.33726499999967],[-84.03276700000002,35.33718099999967],[-84.030933,35.33602599999965],[-84.029287,35.333255999999665],[-84.030397,35.33069099999967],[-84.032184,35.328765999999646],[-84.032535,35.32764299999967],[-84.032442,35.325285999999664],[-84.032878,35.32406399999966],[-84.034297,35.32281499999964],[-84.034566,35.32210799999967],[-84.033919,35.32061399999968],[-84.035115,35.31838699999967],[-84.035829,35.31579799999966],[-84.036023,35.31377699999967],[-84.035717,35.312912999999654],[-84.034115,35.311182999999644],[-84.031794,35.31066499999966],[-84.027911,35.31009899999969],[-84.02674,35.30943099999965],[-84.026376,35.30848999999965],[-84.026298,35.30632099999965],[-84.023975,35.30418799999967],[-84.023032,35.30238499999968],[-84.021779,35.30185699999966],[-84.021495,35.30108299999966],[-84.023303,35.29891599999966],[-84.023085,35.29719599999966],[-84.024254,35.29550399999967],[-84.028031,35.29275599999964],[-84.030229,35.29174599999965],[-84.033171,35.28987899999966],[-84.03623900000001,35.288417999999645],[-84.037254,35.286787999999646],[-84.039295,35.28420599999964],[-84.040542,35.280180999999644],[-84.041504,35.27897499999964],[-84.04328,35.27790399999966],[-84.043879,35.277139999999676],[-84.045539,35.27619299999968],[-84.046719,35.27441599999966],[-84.050669,35.27356699999966],[-84.052614,35.271409999999676],[-84.052383,35.270494999999634],[-84.05321700000002,35.26975399999968],[-84.055598,35.268495999999644],[-84.059169,35.267352999999645],[-84.063684,35.26662999999969],[-84.06732,35.26496999999965],[-84.072635,35.263305999999645],[-84.073991,35.263364999999666],[-84.075709,35.26291899999965],[-84.077249,35.26211599999967],[-84.080852,35.261251999999644],[-84.082134,35.259753999999695],[-84.082837,35.258407999999655],[-84.08253,35.256287999999664],[-84.083581,35.25565999999965],[-84.084934,35.255555999999665],[-84.086132,35.25439399999967],[-84.087222,35.25393799999965],[-84.08779500000001,35.25310499999967],[-84.089246,35.25244899999965],[-84.090123,35.25148099999964],[-84.090938,35.25137399999964],[-84.091337,35.250042999999664],[-84.092318,35.24937399999967],[-84.097504,35.247597999999634],[-84.098628,35.247563999999635],[-84.101053,35.24845899999965],[-84.102965,35.24863099999964],[-84.104207,35.25021399999967],[-84.105313,35.25036299999966],[-84.106849,35.25151799999963],[-84.108651,35.25008599999968],[-84.110309,35.25043599999967],[-84.113083,35.249023999999636],[-84.114168,35.249160999999646],[-84.116171,35.25116299999966],[-84.119077,35.25224899999966],[-84.119927,35.25204899999965],[-84.121128,35.25062899999967],[-84.122974,35.24989199999967],[-84.12522,35.24987099999965],[-84.126491,35.24715399999967],[-84.126659,35.245769999999666],[-84.126131,35.244903999999664],[-84.126251,35.24351099999965],[-84.125687,35.242440999999666],[-84.125958,35.24152399999968],[-84.127277,35.24075499999967],[-84.129753,35.24166899999967],[-84.131918,35.241784999999645],[-84.133619,35.24237699999967],[-84.134383,35.24316599999964],[-84.138808,35.24588499999969],[-84.143831,35.24668499999964],[-84.14541500000001,35.24642999999965],[-84.14797000000002,35.24684399999965],[-84.1497,35.24602599999966],[-84.152734,35.245974999999675],[-84.154723,35.246493999999664],[-84.157517,35.24580599999967],[-84.159486,35.24565099999965],[-84.161161,35.2435989999997],[-84.162894,35.24380899999967],[-84.166703,35.24522499999965],[-84.168396,35.24552099999965],[-84.169869,35.24643499999966],[-84.171401,35.24472199999965],[-84.17301000000002,35.244348999999666],[-84.177794,35.241827999999664],[-84.179067,35.24043399999965],[-84.183513,35.23999599999966],[-84.188957,35.24021699999965],[-84.191157,35.24195099999967],[-84.193166,35.24468099999963],[-84.19401,35.24482599999965],[-84.195411,35.24426699999967],[-84.197243,35.24428099999966],[-84.198532,35.24362599999968],[-84.199755,35.24411899999968],[-84.200481,35.245206999999674],[-84.201791,35.248020999999675],[-84.201447,35.249169999999665],[-84.20168800000002,35.250148999999666],[-84.202823,35.25180499999964],[-84.202396,35.25304199999965],[-84.202887,35.25511599999968],[-84.204902,35.25747699999967],[-84.206473,35.26036899999965],[-84.209167,35.26220199999966],[-84.211395,35.26562099999966],[-84.212256,35.265971999999685],[-84.214704,35.26620899999965],[-84.216015,35.26751199999967],[-84.21771800000002,35.268159999999654],[-84.221163,35.26751799999967],[-84.223415,35.26890699999966],[-84.224611,35.26885899999967],[-84.227484,35.26792599999964],[-84.228845,35.266972999999666],[-84.22920100000002,35.265942999999666],[-84.232646,35.26409299999965],[-84.233331,35.26276399999964],[-84.234828,35.26145999999967],[-84.239694,35.256670999999656],[-84.240438,35.25514899999967],[-84.243,35.25320999999966],[-84.247282,35.25146899999964],[-84.25017,35.25101799999967],[-84.25277500000001,35.24953399999962],[-84.25868,35.24534499999963],[-84.259994,35.242219999999655],[-84.260916,35.24154899999967],[-84.2652,35.23990799999968],[-84.267234,35.23828399999967],[-84.268746,35.23799799999964],[-84.27213600000002,35.236014999999675],[-84.27590900000001,35.23420399999966],[-84.277234,35.232870999999655],[-84.277875,35.23149699999964],[-84.281543,35.22893999999969],[-84.282803,35.22763499999965],[-84.283297,35.22645899999965],[-84.285813,35.22621999999968],[-84.287454,35.224554999999654],[-84.28869200000001,35.22438799999966],[-84.290214,35.22543199999967],[-84.290519,35.223570999999666],[-84.292338,35.20692599999967],[-84.294559,35.18864099999964],[-84.294838,35.18501699999967],[-84.295646,35.180433999999664],[-84.296961,35.17450699999966],[-84.299108,35.162189999999654],[-84.304115,35.124532999999644],[-84.312188,35.062379999999656],[-84.319361,35.00893399999966],[-84.320528,35.000081999999644],[-84.321821,34.98840799999968],[-84.250266,34.98845099999963],[-84.24434,34.98831999999964],[-84.23586,34.98791099999965],[-84.209472,34.987865999999634],[-84.164752,34.98766999999968],[-84.145903,34.98760699999964],[-84.128314,34.98750599999967],[-84.119462,34.987515999999665],[-84.073638,34.987340999999645],[-84.041409,34.987112999999646],[-84.032328,34.987027999999654],[-84.015545,34.987075999999625],[-84.000341,34.987246999999655],[-83.985771,34.98721599999964],[-83.972661,34.98735099999965],[-83.958987,34.98731099999962],[-83.936431,34.98756499999967],[-83.906672,34.98707799999963],[-83.894135,34.987147999999664],[-83.874564,34.987328999999676],[-83.814414,34.98733899999962],[-83.807926,34.98757399999968],[-83.77734,34.98762299999966],[-83.749893,34.98783599999965],[-83.72695,34.98761999999968],[-83.695308,34.98723299999964],[-83.68118,34.98703099999966],[-83.663316,34.98688299999966],[-83.636803,34.986751999999655],[-83.624882,34.98662799999964],[-83.61995,34.98666899999966],[-83.620051,34.99203199999965],[-83.610437,34.99214199999966],[-83.59213,34.992189999999646],[-83.586847,34.992269999999664],[-83.575756,34.99229499999966],[-83.557577,34.992398999999644],[-83.554582,34.992335999999646],[-83.510661,34.99281299999964],[-83.499877,34.992902999999636],[-83.482798,34.99330199999965],[-83.427064,34.994167999999625],[-83.374688,34.99497299999965],[-83.351318,34.99549999999964],[-83.3278,34.995770999999664],[-83.3129,34.99606799999965],[-83.302298,34.99621599999965],[-83.278918,34.99687399999966],[-83.241734,34.99797799999965],[-83.187203,34.99937199999965],[-83.157757,35.00011999999965],[-83.11061,35.00130299999965],[-83.108715,35.00065799999964],[-83.108568,35.00135399999964],[-83.056386,35.014948999999646],[-83.045913,35.017612999999656],[-83.03617800000002,35.02020599999966],[-82.98856,35.03257999999965],[-82.967147,35.03815099999967],[-82.945714,35.04368799999967],[-82.897373,35.056213999999656],[-82.838086,35.07153399999963],[-82.783749,35.08554499999964],[-82.782997,35.08593699999965],[-82.780664,35.08424499999965],[-82.779303,35.08406399999965],[-82.777636,35.08256999999966],[-82.777301,35.081371999999654],[-82.776228,35.081163999999625],[-82.777139,35.07840299999965],[-82.777394,35.07543399999964],[-82.780115,35.07241699999968],[-82.779957,35.07138399999967],[-82.778925,35.07056099999964],[-82.779416,35.06960899999966],[-82.780696,35.06856299999966],[-82.782114,35.06688799999966],[-82.781731,35.06530499999965],[-82.78084,35.065499999999666],[-82.779159,35.06501099999965],[-82.777759,35.06540599999965],[-82.775722,35.06456099999964],[-82.774103,35.06481299999964],[-82.77254,35.065505999999644],[-82.771773,35.065363999999654],[-82.771107,35.06681899999964],[-82.770091,35.06773899999966],[-82.768701,35.06709299999966],[-82.767555,35.06711799999965],[-82.76701700000001,35.06773999999966],[-82.764985,35.06790799999967],[-82.764575,35.068379999999635],[-82.762973,35.06801399999965],[-82.761624,35.068097999999644],[-82.759119,35.06711199999963],[-82.758233,35.06752599999967],[-82.75717600000002,35.067202999999644],[-82.75452,35.06851799999966],[-82.75267600000001,35.070265999999634],[-82.752937,35.07084299999963],[-82.752383,35.07218299999966],[-82.751113,35.07389299999964],[-82.751308,35.07561199999965],[-82.75025000000001,35.07651599999968],[-82.751384,35.07712999999964],[-82.751987,35.07995799999966],[-82.751005,35.08081699999963],[-82.75091,35.08187499999963],[-82.749084,35.08147799999967],[-82.746611,35.07979899999963],[-82.743867,35.08009299999964],[-82.743363,35.07900599999964],[-82.742314,35.07890899999963],[-82.741605,35.07790199999966],[-82.740718,35.07827299999963],[-82.738916,35.078094999999635],[-82.738522,35.079369999999656],[-82.739585,35.079876999999655],[-82.739346,35.08137899999966],[-82.736943,35.08151999999968],[-82.736473,35.08298699999967],[-82.734872,35.08465199999964],[-82.734787,35.086326999999656],[-82.735283,35.08715799999967],[-82.734027,35.08770999999966],[-82.73122100000002,35.087241999999684],[-82.730313,35.08765499999966],[-82.729365,35.08900999999966],[-82.729977,35.09203099999966],[-82.728972,35.09241999999964],[-82.727757,35.09416599999965],[-82.726047,35.094646999999675],[-82.724927,35.09392199999965],[-82.723849,35.09448199999967],[-82.722251,35.09411299999963],[-82.721494,35.09346599999965],[-82.720159,35.09350399999967],[-82.718737,35.094036999999645],[-82.718402,35.09336999999963],[-82.71576,35.09285399999967],[-82.71402,35.09423899999964],[-82.710649,35.094488999999655],[-82.71028,35.095830999999656],[-82.709514,35.09676599999964],[-82.70784,35.09636199999966],[-82.706062,35.09853499999965],[-82.70262,35.09876799999965],[-82.701955,35.09984299999966],[-82.700618,35.10086499999966],[-82.700067,35.099637999999665],[-82.70043,35.098885999999666],[-82.69902,35.09778899999965],[-82.699734,35.09627699999967],[-82.697634,35.09595999999965],[-82.69578500000001,35.09853099999964],[-82.694415,35.09942999999965],[-82.69386,35.10070099999963],[-82.691493,35.10226499999967],[-82.689948,35.10389899999965],[-82.68893900000002,35.10659799999966],[-82.687429,35.107861999999635],[-82.687321,35.11045299999967],[-82.68777800000001,35.11127699999964],[-82.689079,35.11103499999967],[-82.690762,35.11223599999963],[-82.691699,35.11215199999965],[-82.693634,35.113241999999644],[-82.6948,35.114609999999686],[-82.694536,35.11616199999967],[-82.693575,35.11703499999966],[-82.692328,35.118938999999656],[-82.687738,35.11904999999966],[-82.68638,35.12123999999964],[-82.687278,35.12529399999965],[-82.685411,35.12525199999965],[-82.683037,35.12625599999964],[-82.68174700000002,35.12797199999968],[-82.680106,35.12810799999965],[-82.677843,35.12777299999967],[-82.676742,35.12676899999965],[-82.675426,35.12644599999965],[-82.674878,35.127298999999645],[-82.673449,35.12448799999965],[-82.673438,35.121450999999645],[-82.674363,35.12046899999965],[-82.674465,35.118816999999666],[-82.675139,35.11802999999965],[-82.673563,35.11726199999968],[-82.672334,35.11850499999965],[-82.671014,35.11881299999966],[-82.670516,35.120163999999654],[-82.669238,35.12059999999966],[-82.668291,35.11894499999964],[-82.66689,35.118053999999624],[-82.665006,35.11883799999965],[-82.664318,35.11813499999964],[-82.661486,35.118487999999644],[-82.661189,35.11922399999966],[-82.656837,35.119411999999635],[-82.65570800000002,35.11994099999967],[-82.655056,35.12148399999965],[-82.653015,35.12227599999964],[-82.651936,35.12314499999968],[-82.651943,35.12619399999966],[-82.649591,35.12679299999966],[-82.644861,35.12698699999964],[-82.644385,35.13044299999966],[-82.64362300000002,35.13172499999967],[-82.643815,35.13294299999963],[-82.643348,35.13378199999963],[-82.640292,35.131887999999634],[-82.640243,35.130623999999635],[-82.63956,35.12987399999967],[-82.637747,35.13030999999965],[-82.63595,35.128553999999646],[-82.635658,35.12669399999966],[-82.636145,35.12545699999966],[-82.634715,35.125759999999666],[-82.633821,35.12522299999963],[-82.629745,35.126212999999645],[-82.628756,35.12577699999965],[-82.627599,35.12634299999966],[-82.626173,35.12887699999966],[-82.624177,35.13061799999966],[-82.624964,35.131852999999666],[-82.62369,35.13363499999967],[-82.622193,35.13486199999966],[-82.620598,35.13468499999965],[-82.619805,35.13516199999967],[-82.617989,35.135140999999656],[-82.616676,35.135846999999636],[-82.61486,35.13622699999965],[-82.61385,35.13728299999967],[-82.61368800000001,35.13906799999964],[-82.611714,35.139996999999646],[-82.609674,35.13975099999967],[-82.608757,35.13910099999963],[-82.606952,35.13974299999963],[-82.603571,35.13888499999964],[-82.602116,35.139149999999646],[-82.600415,35.138294999999644],[-82.59783200000001,35.13770899999965],[-82.59631,35.13854099999966],[-82.592609,35.13862399999965],[-82.591824,35.13963899999967],[-82.591868,35.14125499999967],[-82.590071,35.141007999999644],[-82.58825900000001,35.142812999999656],[-82.587227,35.14259699999964],[-82.585607,35.14307299999966],[-82.583989,35.14293899999964],[-82.579811,35.14137299999963],[-82.57853,35.14104899999966],[-82.577804,35.14231399999966],[-82.577109,35.14473799999964],[-82.5759,35.14477799999964],[-82.574839,35.14544899999968],[-82.572744,35.14418799999967],[-82.572045,35.14477999999964],[-82.569785,35.14510699999966],[-82.568085,35.145708999999655],[-82.568415,35.147757999999634],[-82.567663,35.14918099999964],[-82.56625,35.14930799999964],[-82.56642,35.150176999999665],[-82.564225,35.152357999999666],[-82.562135,35.15223099999965],[-82.561171,35.15158899999968],[-82.558964,35.151285999999665],[-82.557257,35.15073499999968],[-82.555697,35.15153999999963],[-82.55316,35.15339299999965],[-82.554523,35.15439099999968],[-82.555678,35.156039999999656],[-82.556173,35.157464999999654],[-82.55453,35.161012999999656],[-82.55298,35.16164499999966],[-82.54941,35.16158799999967],[-82.547704,35.16211299999964],[-82.545886,35.164221999999654],[-82.544741,35.16192499999965],[-82.542895,35.16182099999967],[-82.542176,35.162116999999654],[-82.540802,35.161369999999664],[-82.54023,35.160559999999656],[-82.538435,35.16047399999966],[-82.5368,35.160037999999645],[-82.536432,35.159241999999665],[-82.536326,35.15739599999966],[-82.537076,35.15600899999967],[-82.535911,35.15447599999966],[-82.535189,35.15461099999968],[-82.532393,35.15611199999967],[-82.530301,35.155548999999645],[-82.527055,35.15587599999966],[-82.522291,35.15809699999965],[-82.521539,35.15886999999968],[-82.519763,35.159174999999664],[-82.519102,35.160572999999644],[-82.51906,35.161888999999654],[-82.51777000000001,35.16204199999966],[-82.516925,35.16321099999966],[-82.514688,35.16356799999963],[-82.513727,35.16289199999966],[-82.511697,35.16318699999967],[-82.509014,35.16277399999964],[-82.507683,35.16227199999963],[-82.507083,35.16338999999969],[-82.50590000000001,35.16393799999966],[-82.504673,35.165633999999656],[-82.503576,35.16592099999964],[-82.501465,35.16484699999965],[-82.498113,35.16255799999965],[-82.49679600000002,35.16204799999964],[-82.495476,35.162035999999645],[-82.494631,35.162985999999634],[-82.495542,35.16450199999966],[-82.494637,35.16574099999964],[-82.493546,35.166109999999655],[-82.492188,35.16824599999969],[-82.490848,35.169467999999654],[-82.488484,35.16970899999966],[-82.4874,35.169312999999626],[-82.486833,35.171100999999666],[-82.487545,35.17256199999964],[-82.486327,35.17417299999964],[-82.481221,35.17403399999966],[-82.48003,35.174244999999644],[-82.47995,35.174995999999645],[-82.478161,35.17597999999966],[-82.476085,35.175622999999696],[-82.475661,35.174314999999666],[-82.474945,35.17388699999967],[-82.472627,35.17453799999966],[-82.469903,35.17477999999966],[-82.46820600000001,35.17435299999965],[-82.466557,35.17537799999964],[-82.463553,35.176770999999654],[-82.459939,35.17800499999968],[-82.45582,35.17689099999963],[-82.454968,35.17694099999963],[-82.4532,35.17516299999965],[-82.45178,35.17259699999966],[-82.457925,35.16700699999966],[-82.457483,35.165474999999674],[-82.457596,35.16444399999967],[-82.456843,35.16391999999964],[-82.454249,35.16438499999965],[-82.451814,35.16510399999966],[-82.450854,35.16565199999965],[-82.448286,35.16499199999965],[-82.444904,35.16567399999966],[-82.44311700000002,35.16627499999966],[-82.442376,35.16573699999967],[-82.440388,35.16559199999964],[-82.438695,35.16653699999966],[-82.438029,35.16757299999964],[-82.434609,35.16797999999963],[-82.435487,35.169510999999645],[-82.435469,35.17048899999967],[-82.432357,35.17237199999961],[-82.431279,35.17563599999965],[-82.432034,35.176605999999666],[-82.430804,35.177922999999666],[-82.429288,35.17846599999966],[-82.426801,35.17892899999961],[-82.425889,35.17940099999966],[-82.428282,35.18377899999968],[-82.426681,35.18660099999966],[-82.425479,35.18775499999965],[-82.425743,35.18912199999965],[-82.425175,35.190049999999644],[-82.422805,35.19081699999964],[-82.424216,35.193075999999664],[-82.422211,35.19490899999969],[-82.422623,35.195886999999665],[-82.421494,35.19659599999965],[-82.419914,35.19824699999965],[-82.41916000000002,35.199413999999656],[-82.41787,35.19993299999966],[-82.416527,35.201028999999664],[-82.415898,35.20072399999966],[-82.415816,35.19923499999967],[-82.4132,35.20047399999965],[-82.412356,35.201460999999654],[-82.41222,35.202364999999666],[-82.408896,35.203060999999664],[-82.408264,35.20245199999965],[-82.40474,35.203813999999674],[-82.403709,35.20460699999965],[-82.402038,35.20472699999965],[-82.400442,35.20519499999965],[-82.398263,35.20686099999967],[-82.399364,35.20934699999964],[-82.395418,35.212434999999644],[-82.395866,35.21300599999964],[-82.39424,35.21509399999965],[-82.392082,35.215396999999655],[-82.390287,35.215175999999666],[-82.387807,35.21371399999965],[-82.387673,35.21242999999964],[-82.386395,35.21164099999966],[-82.385504,35.21172399999965],[-82.383927,35.210847999999665],[-82.38329200000001,35.207342999999675],[-82.382048,35.205773999999664],[-82.382135,35.203428999999645],[-82.380386,35.20218199999966],[-82.380766,35.20052199999966],[-82.379182,35.19877899999966],[-82.377886,35.19577499999964],[-82.382883,35.19434699999966],[-82.38361,35.19214199999965],[-82.383134,35.190830999999676],[-82.382059,35.18969199999968],[-82.38171,35.18850999999968],[-82.380813,35.18745799999965],[-82.379043,35.186444999999644],[-82.376525,35.185623999999656],[-82.375693,35.18384499999967],[-82.374154,35.18318899999964],[-82.372581,35.180839999999655],[-82.369244,35.18064799999969],[-82.367581,35.182795999999655],[-82.365776,35.18299899999966],[-82.364657,35.18509999999968],[-82.361925,35.18672599999966],[-82.364513,35.18861999999965],[-82.363974,35.18952799999965],[-82.362898,35.19021099999968],[-82.360794,35.19027799999965],[-82.35968100000001,35.19142899999966],[-82.359644,35.19248899999963],[-82.357557,35.19175899999964],[-82.355148,35.19208699999966],[-82.353019,35.19025899999964],[-82.351452,35.190378999999666],[-82.35129,35.19186999999965],[-82.350386,35.19291799999967],[-82.348955,35.192599999999636],[-82.34721,35.19312399999966],[-82.346134,35.192888999999646],[-82.344416,35.193687999999646],[-82.342608,35.19215499999964],[-82.341653,35.19235399999966],[-82.340823,35.19136199999965],[-82.341251,35.18971599999965],[-82.339785,35.18951699999967],[-82.33923,35.18868899999965],[-82.338158,35.18899099999965],[-82.337489,35.19001099999965],[-82.33479,35.18992099999964],[-82.33367900000002,35.19083799999965],[-82.33082100000001,35.18959999999965],[-82.329938,35.18677599999967],[-82.329068,35.18685099999967],[-82.325571,35.18531399999964],[-82.323102,35.185172999999644],[-82.319713,35.187035999999665],[-82.318857,35.18725799999966],[-82.316504,35.18920099999965],[-82.316222,35.19015699999965],[-82.315077,35.19071299999966],[-82.312906,35.19113999999965],[-82.306123,35.19326999999965],[-82.303032,35.19287199999966],[-82.30118500000002,35.19352399999964],[-82.298314,35.19407799999966],[-82.296884,35.19472899999966],[-82.29416,35.19541099999965],[-82.29108,35.200084999999646],[-82.249939,35.19797699999965],[-82.216216,35.19623799999967],[-82.193535,35.19488599999967],[-82.183668,35.19446599999964],[-82.175637,35.19403399999966],[-82.17121700000001,35.19388799999966],[-82.161416,35.19342199999966],[-82.15734,35.19340699999966],[-82.13469200000002,35.19298999999966],[-82.113845,35.19163699999965],[-82.108432,35.19136399999965],[-82.062161,35.19005899999964],[-82.041961,35.18951099999965],[-82.032142,35.18921099999964],[-82.017212,35.18897399999963],[-81.99865,35.18840499999967],[-81.992314,35.188272999999654],[-81.969348,35.18721699999965],[-81.958263,35.186706999999664],[-81.943424,35.18611699999965],[-81.925729,35.18557599999964],[-81.918511,35.18531599999966],[-81.888079,35.184327999999674],[-81.869968,35.183932999999676],[-81.840943,35.18292599999965],[-81.834866,35.18268499999963],[-81.828907,35.18263199999967],[-81.80305100000001,35.181539999999636],[-81.796601,35.18133599999965],[-81.763362,35.180489999999665],[-81.749875,35.18001899999965],[-81.740943,35.179635999999675],[-81.724263,35.17899999999964],[-81.70323300000001,35.17825399999966],[-81.689546,35.17765599999967],[-81.666299,35.17670099999966],[-81.646264,35.175902999999664],[-81.635967,35.17554399999966],[-81.573535,35.172765999999676],[-81.527878,35.17119799999968],[-81.513385,35.17067999999967],[-81.503835,35.17039899999964],[-81.490234,35.16981599999964],[-81.467663,35.16892899999967],[-81.457423,35.16838999999967],[-81.456104,35.16843899999966],[-81.43377,35.167543999999644],[-81.419745,35.16733499999967],[-81.408382,35.16721899999964],[-81.381626,35.165642999999655],[-81.348939,35.16398899999967],[-81.328037,35.16346699999964],[-81.325314,35.16329499999964],[-81.309542,35.16293899999965],[-81.273518,35.16140799999966],[-81.269195,35.16124699999967],[-81.246214,35.160286999999656],[-81.241734,35.159951999999656],[-81.23935800000001,35.15997399999965],[-81.215618,35.15894799999965],[-81.163942,35.15667099999968],[-81.147513,35.15596099999967],[-81.093062,35.152535999999664],[-81.06909200000001,35.15124199999965],[-81.03426400000001,35.14925699999965],[-81.033909,35.14868999999966],[-81.037278,35.148099999999644],[-81.041664,35.14815299999961],[-81.044688,35.14773399999966],[-81.046332,35.14672899999967],[-81.048111,35.14410199999966],[-81.048803,35.141051999999675],[-81.049863,35.138624999999664],[-81.051236,35.13618599999963],[-81.051884,35.13449699999963],[-81.052029,35.13283299999966],[-81.050456,35.13110899999964],[-81.045715,35.12978999999966],[-81.043206,35.12881999999967],[-81.040542,35.12719599999965],[-81.038765,35.125448999999655],[-81.037437,35.12364899999965],[-81.03661,35.12198199999965],[-81.035329,35.11793699999967],[-81.033647,35.115467999999645],[-81.032792,35.11378799999965],[-81.032415,35.11214899999966],[-81.032367,35.10961899999966],[-81.032854,35.10737699999965],[-81.033605,35.10570199999966],[-81.035196,35.103775999999655],[-81.037891,35.10221599999964],[-81.039785,35.10176699999966],[-81.04435500000001,35.101161999999654],[-81.047365,35.10020499999965],[-81.05038,35.098371999999664],[-81.05155,35.09698099999967],[-81.052245,35.09547799999966],[-81.053462,35.09136899999965],[-81.056032,35.08815399999964],[-81.056984,35.086445999999654],[-81.057055,35.08486399999966],[-81.056349,35.08154899999963],[-81.056549,35.07997099999965],[-81.057581,35.07581499999966],[-81.057732,35.07410999999966],[-81.057669,35.07081099999964],[-81.058199,35.06509799999964],[-81.058137,35.06338999999967],[-81.057672,35.06186699999965],[-81.055535,35.06004699999964],[-81.05173,35.057463999999655],[-81.050325,35.05599799999964],[-81.046669,35.05118099999965],[-81.042526,35.04625999999965],[-81.041496,35.04471299999964],[-81.037805,35.046802999999656],[-81.029272,35.05127499999963],[-81.02486,35.05418499999964],[-81.018976,35.057631999999664],[-81.001868,35.06752199999966],[-80.989135,35.074945999999656],[-80.961935,35.09044299999965],[-80.959741,35.09172999999964],[-80.948688,35.09854099999965],[-80.938451,35.105122999999686],[-80.934739,35.10731799999962],[-80.92717,35.10025699999965],[-80.919818,35.091690999999656],[-80.916497,35.087783999999665],[-80.90783600000002,35.07782599999967],[-80.901334,35.07088499999965],[-80.896523,35.06594999999966],[-80.893219,35.06273699999966],[-80.890251,35.059230999999635],[-80.88529,35.053956999999635],[-80.882649,35.050762999999655],[-80.869914,35.03615999999966],[-80.864343,35.02963399999966],[-80.854825,35.01893699999965],[-80.840278,35.001691999999615],[-80.822839,34.98103299999964],[-80.812738,34.96978499999967],[-80.810839,34.96755699999963],[-80.80768,34.96418699999965],[-80.795206,34.95046699999965],[-80.790228,34.94483999999964],[-80.781921,34.935847999999645],[-80.783829,34.92196699999964],[-80.784917,34.915973999999665],[-80.790899,34.86940899999964],[-80.793149,34.85519899999964],[-80.79538,34.83555699999966],[-80.797484,34.81980299999962],[-80.794509,34.81981299999966],[-80.755624,34.81930399999965],[-80.71053,34.81914499999965],[-80.69372,34.81899399999965],[-80.676192,34.81871999999966],[-80.651627,34.818406999999645],[-80.644628,34.81850699999963],[-80.642517,34.818347999999645],[-80.628865,34.81825799999964],[-80.614522,34.81809199999964],[-80.605253,34.81808799999966],[-80.560077,34.81740399999964],[-80.523811,34.817007999999646],[-80.472008,34.81659899999962],[-80.462448,34.81647999999962],[-80.447452,34.81611999999965],[-80.412229,34.815402999999655],[-80.390875,34.814986999999654],[-80.347188,34.81441599999963],[-80.337767,34.81432699999963],[-80.330706,34.814058999999645],[-80.320828,34.81390599999966],[-80.302351,34.81373899999965],[-80.252769,34.81307199999964],[-80.236844,34.81280799999965],[-80.213783,34.81250099999962],[-80.191634,34.81187599999966],[-80.148679,34.81109899999963],[-80.12512,34.81062099999965],[-80.076985,34.809677999999636],[-80.057428,34.80932699999965],[-80.043744,34.80904399999964],[-80.042109,34.80909399999967],[-80.025004,34.808625999999634],[-79.993969,34.808026999999655],[-79.965438,34.80744299999962],[-79.931258,34.80671099999968],[-79.92741200000002,34.80673399999965],[-79.923935,34.80675399999964],[-79.907893,34.806614999999645],[-79.889432,34.806488999999644],[-79.840528,34.80617999999963],[-79.787467,34.80579299999965],[-79.744415,34.80546699999964],[-79.712384,34.80525999999965],[-79.69294400000001,34.80515499999964],[-79.676494,34.80506499999965],[-79.663463,34.79447899999966],[-79.617236,34.75703799999964],[-79.583507,34.729651999999646],[-79.561706,34.71198599999963],[-79.55572,34.70707899999963],[-79.533919,34.68934499999964],[-79.508693,34.668832999999644],[-79.489982,34.65348899999966],[-79.489597,34.65308699999963],[-79.479172,34.64470399999963],[-79.478599,34.64413599999965],[-79.46150600000001,34.630378999999635],[-79.450024,34.621052999999634],[-79.419309,34.59624299999963],[-79.400494,34.58107499999962],[-79.400342,34.58079899999963],[-79.390844,34.57329199999962],[-79.377382,34.56181099999965],[-79.37555,34.56035399999965],[-79.367992,34.55389799999959],[-79.35854,34.54566499999963],[-79.358465,34.545748999999645],[-79.348158,34.536805999999615],[-79.332068,34.52275999999964],[-79.331547,34.522154999999636],[-79.325466,34.516856999999625],[-79.306526,34.50014499999963],[-79.30584,34.499585999999624],[-79.283881,34.47994899999963],[-79.277961,34.474714999999634],[-79.249069,34.44937699999962],[-79.220413,34.424713999999625],[-79.2139,34.41916799999963],[-79.196577,34.404758999999615],[-79.191071,34.400143999999614],[-79.183052,34.39358499999964],[-79.168479,34.38123499999965],[-79.164217,34.377505999999634],[-79.159019,34.373272999999635],[-79.142224,34.35910799999962],[-79.108761,34.33093499999963],[-79.071189,34.299322999999625],[-79.06296900000001,34.29242499999963],[-79.044247,34.27660699999962],[-79.021265,34.2573709999996],[-79.016364,34.253337999999616],[-78.998433,34.23824099999963],[-78.96815,34.212812999999606],[-78.953999,34.20088599999962],[-78.913899,34.167229999999606],[-78.913465,34.166819999999625],[-78.882437,34.14069399999961],[-78.860699,34.122393999999595],[-78.820452,34.08837799999962],[-78.819583,34.087544999999594],[-78.813113,34.08212999999963],[-78.777593,34.052145999999624],[-78.74972,34.028590999999636],[-78.734834,34.016027999999594],[-78.716104,34.000170999999625],[-78.714538,33.99880299999961],[-78.67760200000001,33.96749399999962],[-78.650342,33.94436499999959],[-78.639124,33.93479699999962],[-78.625215,33.9231099999996],[-78.624162,33.92213399999962],[-78.586825,33.890398999999626],[-78.585469,33.88932699999961],[-78.576038,33.88126399999962],[-78.570454,33.876416999999606],[-78.550945,33.85970499999959],[-78.54108,33.85111999999961],[-78.52448,33.83605899999961],[-78.49973,33.81327499999963],[-78.499301,33.812851999999616],[-78.488149,33.816715999999595],[-78.471148,33.821987999999635],[-78.45430200000001,33.827492999999606],[-78.446149,33.82994599999961],[-78.415059,33.83882999999962],[-78.399002,33.84326199999961],[-78.374725,33.848827999999585],[-78.371667,33.84941499999963],[-78.370362,33.850515999999615],[-78.368392,33.85117399999961],[-78.367124,33.851596999999614],[-78.35991,33.85179799999961],[-78.354506,33.852251999999616],[-78.345618,33.8540539999996],[-78.341208,33.85529299999963],[-78.331767,33.856345999999625],[-78.317892,33.857591999999585],[-78.30098100000001,33.85971499999962],[-78.283879,33.86112599999962],[-78.270761,33.862777999999615],[-78.262335,33.86316299999961],[-78.254364,33.862877999999604],[-78.24972,33.86289799999961],[-78.232245,33.86249899999962],[-78.223773,33.86247499999961],[-78.21273000000001,33.86274599999958],[-78.20229,33.86335299999961],[-78.190285,33.86378599999959],[-78.182976,33.864132999999626],[-78.169164,33.86408899999959],[-78.158723,33.8633839999996],[-78.145353,33.86273399999962],[-78.124715,33.85970699999962],[-78.101855,33.85545099999961],[-78.08067400000002,33.850543999999616],[-78.070003,33.84835599999964],[-78.066581,33.84798499999962],[-78.062756,33.839202999999614],[-78.052895,33.8274319999996],[-78.040981,33.81877399999961],[-78.029473,33.812159999999615],[-78.020983,33.80816199999962],[-78.01286,33.803862999999595],[-78.012629,33.79844999999961],[-78.011428,33.78889499999962],[-78.009027,33.781728999999594],[-78.004826,33.77350199999962],[-77.99971,33.767129999999604],[-77.983768,33.758719999999606],[-77.973245,33.75474299999959],[-77.964052,33.75289899999963],[-77.953848,33.752877999999605],[-77.943061,33.753769999999605],[-77.929284,33.7579839999996],[-77.917505,33.7638199999996],[-77.914695,33.76603199999959],[-77.907315,33.7730289999996],[-77.902436,33.778519999999574],[-77.897935,33.7848469999996],[-77.896659,33.78754699999963],[-77.895202,33.7933709999996],[-77.89426,33.798886999999596],[-77.89368600000002,33.80470199999957],[-77.89453,33.8111059999996],[-77.895322,33.814756999999624],[-77.896782,33.8197099999996],[-77.895889,33.82562899999959],[-77.895496,33.8304009999996],[-77.895307,33.8353049999996],[-77.895775,33.838791999999586],[-77.896654,33.84271099999958],[-77.897812,33.84659299999963],[-77.898975,33.84852799999963],[-77.89897000000002,33.85463899999959],[-77.897775,33.857370999999624],[-77.895646,33.86390799999963],[-77.895107,33.86730499999959],[-77.894316,33.8751749999996],[-77.894246,33.87865499999962],[-77.891458,33.88233099999959],[-77.889272,33.8860039999996],[-77.88723,33.88866899999961],[-77.886109,33.891194999999605],[-77.885265,33.895768999999596],[-77.885189,33.90060799999961],[-77.884519,33.903669999999615],[-77.874706,33.919611999999624],[-77.867736,33.927588999999614],[-77.86353400000002,33.93466999999961],[-77.86253700000002,33.94076899999961],[-77.862169,33.94860899999962],[-77.858395,33.95477599999962],[-77.855252,33.960094999999605],[-77.848873,33.97819899999961],[-77.840936,34.000172999999606],[-77.842041,34.00017299999962],[-77.837138,34.01237299999961],[-77.830206,34.03028299999962],[-77.824617,34.04065199999961],[-77.819711,34.05176199999961],[-77.811523,34.06876299999959],[-77.807795,34.0759339999996],[-77.800253,34.09071199999963],[-77.792335,34.10969799999963],[-77.788031,34.11956199999964],[-77.78531,34.125170999999625],[-77.785555,34.125170999999625],[-77.774966,34.1386649999996],[-77.753791,34.15502299999962],[-77.753507,34.15546899999961],[-77.749702,34.16144599999961],[-77.749306,34.16333099999963],[-77.747121,34.17102099999963],[-77.74742000000002,34.17559399999963],[-77.743928,34.17776699999963],[-77.739828,34.18054199999963],[-77.734093,34.186236999999615],[-77.730756,34.189787999999616],[-77.727113,34.19727099999961],[-77.724325,34.203782999999625],[-77.722953,34.20999699999963],[-77.716896,34.21488199999964],[-77.712623,34.21896799999963],[-77.709288,34.221812999999614],[-77.705897,34.227210999999606],[-77.702421,34.23311399999963],[-77.700826,34.235998999999595],[-77.693417,34.242996999999626],[-77.691093,34.24574399999966],[-77.686547,34.24764299999962],[-77.682935,34.2489399999996],[-77.680321,34.25016899999963],[-77.675276,34.25312999999961],[-77.674609,34.2535219999996],[-77.668453,34.25830199999963],[-77.66319,34.263480999999636],[-77.659995,34.26815199999962],[-77.655829,34.273998999999606],[-77.650969,34.27857399999962],[-77.635493,34.29256599999963],[-77.628929,34.29868699999962],[-77.624695,34.30205099999962],[-77.623579,34.30316199999961],[-77.619593,34.304425999999616],[-77.613972,34.306960999999646],[-77.608589,34.31013599999962],[-77.604708,34.31304599999963],[-77.596684,34.321019999999606],[-77.594875,34.32373699999963],[-77.581836,34.3340109999996],[-77.566138,34.34612299999961],[-77.556732,34.353650999999644],[-77.543245,34.36311199999964],[-77.531924,34.37086599999962],[-77.527424,34.37424299999963],[-77.516162,34.38244299999963],[-77.499689,34.39146199999961],[-77.48818,34.397329999999606],[-77.480274,34.40248799999963],[-77.466538,34.41024199999965],[-77.457856,34.41452399999964],[-77.443056,34.42284899999963],[-77.432005,34.428981999999614],[-77.418832,34.435922999999626],[-77.39970200000002,34.444343999999624],[-77.381712,34.45242699999963],[-77.374682,34.456298999999625],[-77.364311,34.46073199999963],[-77.354147,34.46521999999962],[-77.348237,34.46849199999962],[-77.341271,34.47166299999964],[-77.328428,34.47645399999963],[-77.321253,34.478446999999626],[-77.314325,34.48104399999963],[-77.307152,34.483506999999626],[-77.305388,34.48425499999964],[-77.300871,34.48617099999963],[-77.295077,34.48896799999962],[-77.289166,34.493145999999626],[-77.282604,34.49705399999963],[-77.27783500000001,34.500164999999626],[-77.266733,34.50685199999963],[-77.260244,34.51101799999962],[-77.255964,34.51411699999962],[-77.249676,34.51808099999963],[-77.244367,34.52183299999963],[-77.239654,34.52569499999964],[-77.227507,34.53357299999964],[-77.219176,34.53965999999965],[-77.201502,34.549215999999625],[-77.179881,34.56045599999966],[-77.160576,34.56902599999969],[-77.14521600000002,34.574433999999655],[-77.124671,34.58314699999964],[-77.12299900000001,34.584374999999625],[-77.118078,34.58425899999962],[-77.117198,34.584366999999645],[-77.112156,34.584990999999626],[-77.102749,34.58664599999965],[-77.094311,34.58859099999964],[-77.087683,34.59128299999964],[-77.080619,34.595001999999596],[-77.079208,34.59597399999963],[-77.04025,34.606066999999676],[-76.999666,34.617008999999655],[-76.950968,34.62516199999966],[-76.904628,34.63233899999964],[-76.874661,34.63592999999963],[-76.861827,34.637415999999654],[-76.83626,34.64076799999963],[-76.818937,34.64325299999964],[-76.807208,34.64396599999962],[-76.781793,34.64583199999964],[-76.759233,34.646926999999636],[-76.749655,34.64766499999964],[-76.742181,34.64765399999965],[-76.729827,34.647209999999625],[-76.69857,34.64325799999961],[-76.6928,34.64294999999961],[-76.683936,34.637634999999634],[-76.677227,34.634303999999645],[-76.666782,34.63143699999962],[-76.655159,34.628769999999626],[-76.64699200000001,34.626710999999645],[-76.641465,34.62516299999962],[-76.624649,34.6206549999996],[-76.614722,34.618277999999655],[-76.614137,34.61075799999961],[-76.612344,34.60012799999965],[-76.60681,34.59119599999962],[-76.599327,34.58219399999964],[-76.597262,34.58061999999963],[-76.595485,34.57784299999966],[-76.59456400000002,34.57416499999964],[-76.590745,34.56312999999964],[-76.58372,34.55262499999965],[-76.572066,34.542543999999644],[-76.562509,34.5369119999996],[-76.547874,34.53283899999965],[-76.531644,34.53173599999961],[-76.524378,34.532154999999634],[-76.514867,34.53514199999967],[-76.504213,34.53959599999965],[-76.491991,34.546531999999615],[-76.48318300000001,34.556359999999636],[-76.47746,34.56620399999962],[-76.471074,34.58384599999961],[-76.466338,34.59573799999962],[-76.454644,34.61495599999964],[-76.44869700000001,34.62516399999964],[-76.444196,34.63315499999966],[-76.439001,34.64028799999964],[-76.408035,34.677897999999644],[-76.374638,34.715990999999626],[-76.364751,34.726382999999636],[-76.36107,34.73049399999968],[-76.341871,34.75016299999967],[-76.33751,34.75411799999966],[-76.315731,34.77602999999964],[-76.280117,34.808630999999636],[-76.249632,34.83463099999965],[-76.23619,34.84408299999966],[-76.219248,34.85642199999964],[-76.19607200000002,34.87516599999962],[-76.169249,34.89686099999967],[-76.142981,34.91883299999964],[-76.124626,34.93308099999964],[-76.106219,34.94649899999965],[-76.051002,34.98675199999962],[-76.032596,35.00016899999965],[-76.02443,35.00536399999965],[-76.006936,35.00603099999965],[-76.002959,35.006391999999686],[-75.998411,35.00738899999967],[-75.994744,35.008792999999656],[-75.990159,35.011833999999645],[-75.988759,35.012215999999654],[-75.987258,35.01342899999966],[-75.985351,35.01397699999963],[-75.983424,35.01593799999962],[-75.980138,35.01789899999965],[-75.977135,35.02072399999965],[-75.97429500000001,35.02256799999964],[-75.97234800000001,35.02431299999965],[-75.967093,35.02859999999968],[-75.960358,35.03306999999966],[-75.956261,35.03534699999967],[-75.952974,35.03765699999965],[-75.952426,35.03847099999965],[-75.950073,35.03961699999964],[-75.947598,35.042242999999665],[-75.946645,35.04387099999967],[-75.945002,35.044984999999656],[-75.942851,35.04739399999965],[-75.937617,35.05234599999967],[-75.934757,35.05415699999966],[-75.93347900000002,35.05560299999963],[-75.930882,35.057463999999655],[-75.928833,35.05869399999967],[-75.928103,35.059523999999634],[-75.926967,35.05990699999964],[-75.918305,35.065240999999645],[-75.915546,35.067234999999656],[-75.913314,35.068148999999664],[-75.908588,35.07152199999966],[-75.90731,35.07175499999966],[-75.904145,35.07343299999965],[-75.900088,35.07522699999966],[-75.897876,35.07712199999966],[-75.88396,35.083967999999665],[-75.870936,35.08981699999964],[-75.86789300000001,35.090946999999666],[-75.863491,35.09307399999967],[-75.859677,35.09456999999964],[-75.853733,35.09736099999964],[-75.847404,35.09938899999965],[-75.843509,35.100468999999634],[-75.836226,35.10369199999966],[-75.83296,35.104672999999636],[-75.827706,35.106716999999655],[-75.818638,35.111235999999664],[-75.814885,35.11271499999964],[-75.812045,35.11424399999966],[-75.807724,35.11590599999968],[-75.805107,35.11670299999968],[-75.801496,35.117467999999654],[-75.797479,35.11886399999964],[-75.794883,35.11922899999965],[-75.793341,35.120458999999634],[-75.791556,35.12115699999965],[-75.786322,35.122685999999646],[-75.780479,35.125210999999666],[-75.749847,35.13621199999964],[-75.736214,35.14070499999965],[-75.728899,35.14109999999967],[-75.718958,35.14325599999966],[-75.70737,35.146110999999635],[-75.698006,35.14952999999969],[-75.680354,35.156850999999676],[-75.672379,35.16020999999969],[-75.658251,35.16471499999965],[-75.65529,35.16577199999967],[-75.650456,35.16719799999965],[-75.642709,35.170013999999654],[-75.636215,35.172204999999664],[-75.629915,35.17398899999968],[-75.6246,35.17582399999965],[-75.618181,35.17751999999966],[-75.60635,35.180382999999665],[-75.602261,35.18102599999965],[-75.596881,35.18253199999964],[-75.59022,35.18375699999969],[-75.58559,35.18407399999967],[-75.582593,35.18405999999966],[-75.581108,35.183783999999655],[-75.579647,35.18280299999968],[-75.578842,35.181842999999674],[-75.576579,35.180002999999665],[-75.573573,35.17800999999964],[-75.569325,35.17553299999966],[-75.564713,35.17329799999965],[-75.56131,35.17184699999967],[-75.557584,35.17053499999968],[-75.553162,35.16933699999968],[-75.548003,35.16818399999967],[-75.546981,35.16833599999966],[-75.544342,35.16787899999966],[-75.54031,35.16744499999966],[-75.532176,35.16714899999965],[-75.527708,35.167392999999656],[-75.519213,35.16908299999967],[-75.513921,35.17088499999967],[-75.505059,35.17442599999969],[-75.501324,35.17613399999965],[-75.499593,35.17717199999965],[-75.487685,35.18499399999964],[-75.484571,35.187576999999656],[-75.4821,35.191785999999674],[-75.480296,35.19436499999967],[-75.4746,35.20202899999964],[-75.470859,35.20872799999963],[-75.468477,35.21518999999964],[-75.468164,35.219715999999636],[-75.466231,35.22494499999966],[-75.463643,35.23388699999967],[-75.459334,35.246551999999646],[-75.458297,35.251818999999664],[-75.457457,35.257376999999636],[-75.4549,35.27146999999965],[-75.454166,35.28021499999966],[-75.45209,35.290421999999666],[-75.450205,35.29694199999966],[-75.448417,35.304837999999634],[-75.447751,35.30979399999966],[-75.446494,35.311089999999666],[-75.446346,35.31467699999968],[-75.44452300000002,35.31992299999965],[-75.441243,35.33290099999968],[-75.438535,35.34383799999967],[-75.434482,35.35845099999967],[-75.429747,35.37517899999967],[-75.42898,35.37682299999967],[-75.427331,35.38172299999966],[-75.426135,35.38692299999966],[-75.425581,35.39000899999965],[-75.425017,35.39741799999969],[-75.424545,35.40053599999967],[-75.424239,35.403787999999665],[-75.424139,35.40724099999966],[-75.423751,35.41062699999971],[-75.423793,35.416792999999686],[-75.42360400000001,35.419239999999654],[-75.42364100000002,35.424769999999675],[-75.423496,35.42765199999967],[-75.42252,35.43492899999964],[-75.422535,35.43730799999968],[-75.421906,35.441465999999664],[-75.421765,35.444851999999656],[-75.42077,35.449615999999665],[-75.419861,35.454880999999695],[-75.419279,35.45997799999966],[-75.418126,35.46571299999967],[-75.417466,35.47141299999969],[-75.417092,35.47721799999965],[-75.415089,35.500179999999645],[-75.405801,35.53376699999967],[-75.402422,35.54420999999967],[-75.400849,35.55871799999968],[-75.400119,35.57541099999968],[-75.40039,35.59351199999964],[-75.40501900000001,35.62517999999967],[-75.406815,35.63697199999967],[-75.411353,35.66006099999968],[-75.41782,35.68608199999965],[-75.424703,35.70577799999967],[-75.43204,35.730721999999666],[-75.437617,35.746959999999675],[-75.439539,35.750179999999695],[-75.45163,35.77155699999968],[-75.460815,35.784523999999664],[-75.461124,35.79017099999968],[-75.464446,35.79721799999965],[-75.466237,35.80131499999967],[-75.469446,35.804766999999686],[-75.476734,35.81158499999967],[-75.480501,35.81420699999969],[-75.49961,35.85263499999966],[-75.511514,35.87517499999969],[-75.566047,35.97561399999968],[-75.58155600000002,36.0001659999997],[-75.581615,36.00017799999968],[-75.590717,36.01628299999968],[-75.621461,36.0706899999997],[-75.62462,36.07627999999967],[-75.653195,36.12516599999969],[-75.666246,36.14892399999967],[-75.670103,36.156073999999705],[-75.675084,36.16672599999969],[-75.684249,36.18904999999969],[-75.709078,36.24498399999971],[-75.711319,36.2501629999997],[-75.74501,36.3424429999997],[-75.749635,36.35360599999967],[-75.75554800000002,36.37515899999967],[-75.769834,36.42616299999973],[-75.790558,36.500155999999706],[-75.790508,36.5001559999997],[-75.797497,36.550915999999674],[-75.854355,36.550282999999716],[-75.867494,36.5504109999997],[-75.928004,36.55062699999972],[-75.953397,36.550567999999686],[-76.007687,36.5504219999997],[-76.02672100000001,36.5504699999997],[-76.071704,36.5505979999997],[-76.092343,36.55053899999971],[-76.152593,36.55049999999973],[-76.200852,36.55046199999968],[-76.219058,36.55042899999972],[-76.233486,36.55048799999971],[-76.24641,36.550417999999695],[-76.272454,36.550520999999684],[-76.313303,36.55051999999969]]]}}]}